tile_id,building_id,category,gt_height_m,base_shadow_m,base_height_m,base_error_m,m4_shadow_m,m4_height_m,m4_error_m,m4_status,m4_confidence,m4_term_reason,failure_mode
2_10,1,Large,15.22,30.00,26.82,11.61,17.45,15.60,0.39,VALID,1.00,LOCAL_GRADIENT_STEP,NONE
2_10,2,Large,14.27,30.00,26.82,12.55,6.80,6.08,8.19,VALID,1.00,LOCAL_GRADIENT_STEP,FALSE_SHORT_SHADOW
2_10,3,Small,2.67,24.20,21.64,18.97,7.75,6.93,4.26,VALID,1.00,LOCAL_GRADIENT_STEP,NONE
2_10,4,Large,14.66,30.00,26.82,12.16,10.55,9.43,5.23,VALID,1.00,LOCAL_GRADIENT_STEP,FALSE_SHORT_SHADOW
2_10,5,Small,2.27,30.00,26.82,24.55,10.55,9.43,7.16,VALID,1.00,LOCAL_GRADIENT_STEP,FALSE_LONG_SHADOW
2_10,6,Large,12.33,27.90,24.95,12.61,9.75,8.72,3.62,VALID,1.00,LOCAL_GRADIENT_STEP,NONE
2_10,7,Small,2.27,15.60,13.95,11.68,1.35,1.21,1.07,VALID,1.00,LOCAL_GRADIENT_STEP,NONE
2_10,8,Small,1.93,30.00,26.82,24.89,1.45,1.30,0.64,VALID,1.00,LOCAL_GRADIENT_STEP,NONE
2_10,9,Large,15.63,30.00,26.82,11.20,24.40,21.82,6.19,VALID,1.00,LOCAL_GRADIENT_STEP,FALSE_LONG_SHADOW
2_10,10,Medium,10.96,30.00,26.82,15.86,9.75,8.72,2.24,VALID,1.00,LOCAL_GRADIENT_STEP,NONE
2_10,11,Small,2.51,30.00,26.82,24.31,3.40,3.04,0.53,VALID,1.00,RELATIVE_INTENSITY_STEP,NONE
2_10,12,Small,3.58,30.00,26.82,23.25,6.30,5.63,2.06,VALID,1.00,RELATIVE_INTENSITY_STEP,NONE
2_10,13,Large,16.15,30.00,26.82,10.68,18.65,16.68,0.53,VALID,1.00,LOCAL_GRADIENT_STEP,NONE
2_10,14,Medium,4.40,27.40,24.50,20.10,6.15,5.50,1.10,VALID,1.00,LOCAL_GRADIENT_STEP,NONE
2_10,15,Medium,11.07,30.00,26.82,15.75,6.05,5.41,5.66,VALID,1.00,RELATIVE_INTENSITY_STEP,FALSE_SHORT_SHADOW
2_10,16,Small,2.30,11.65,10.42,8.11,4.30,3.84,1.54,VALID,1.00,RELATIVE_INTENSITY_STEP,NONE
2_10,17,Medium,11.08,30.00,26.82,15.74,7.50,6.71,4.37,VALID,1.00,LOCAL_GRADIENT_STEP,NONE
2_10,18,Small,2.27,15.20,13.59,11.32,4.85,4.34,2.07,VALID,1.00,LOCAL_GRADIENT_STEP,NONE
2_10,19,Medium,9.26,25.55,22.84,13.58,7.95,7.11,2.15,VALID,1.00,LOCAL_GRADIENT_STEP,NONE
2_10,20,Small,2.46,13.45,12.03,9.57,4.55,4.07,1.61,VALID,1.00,LOCAL_GRADIENT_STEP,NONE
2_10,21,Small,2.72,10.55,9.43,6.71,2.35,2.10,0.62,VALID,1.00,RELATIVE_INTENSITY_STEP,NONE
2_10,22,Small,2.52,30.00,26.82,24.30,7.70,6.88,4.36,VALID,1.00,LOCAL_GRADIENT_STEP,NONE
2_10,23,Medium,9.18,23.25,20.79,11.61,5.45,4.87,4.31,VALID,1.00,LOCAL_GRADIENT_STEP,NONE
2_10,24,Small,2.58,17.10,15.29,12.71,6.45,5.77,3.19,VALID,1.00,RELATIVE_INTENSITY_STEP,NONE
2_10,25,Small,2.40,12.75,11.40,9.00,3.20,2.86,0.46,VALID,1.00,RELATIVE_INTENSITY_STEP,NONE
2_10,26,Small,2.53,30.00,26.82,24.29,2.00,1.79,0.74,VALID,1.00,RELATIVE_INTENSITY_STEP,NONE
2_10,27,Small,2.36,9.85,8.81,6.44,5.50,4.92,2.55,VALID,1.00,LOCAL_GRADIENT_STEP,NONE
2_10,28,Small,2.47,10.35,9.25,6.79,1.45,1.30,1.17,VALID,1.00,RELATIVE_INTENSITY_STEP,NONE
2_10,29,Small,2.51,14.55,13.01,10.50,8.20,7.33,4.83,VALID,1.00,LOCAL_GRADIENT_STEP,NONE
2_10,30,Small,2.65,15.00,13.41,10.76,9.15,8.18,5.53,VALID,1.00,LOCAL_GRADIENT_STEP,FALSE_LONG_SHADOW
2_10,31,Medium,11.05,30.00,26.82,15.78,11.95,10.68,0.36,VALID,1.00,RELATIVE_INTENSITY_STEP,NONE
2_10,32,Medium,9.23,30.00,26.82,17.59,12.50,11.18,1.94,VALID,1.00,LOCAL_GRADIENT_STEP,NONE
2_10,33,Small,2.40,10.45,9.34,6.94,2.85,2.55,0.15,VALID,1.00,RELATIVE_INTENSITY_STEP,NONE
2_10,34,Small,2.32,15.95,14.26,11.94,5.15,4.60,2.29,VALID,1.00,RELATIVE_INTENSITY_STEP,NONE
2_10,35,Small,2.34,10.30,9.21,6.87,3.10,2.77,0.43,VALID,1.00,RELATIVE_INTENSITY_STEP,NONE
2_10,36,Small,1.24,24.05,21.50,20.26,0.70,0.63,0.62,VALID,1.00,LOCAL_GRADIENT_STEP,NONE
2_10,37,Small,2.59,24.35,21.77,19.18,7.70,6.88,4.30,VALID,1.00,LOCAL_GRADIENT_STEP,NONE
2_10,38,Medium,9.18,18.95,16.94,7.77,15.20,13.59,4.41,VALID,1.00,LOCAL_GRADIENT_STEP,NONE
2_10,39,Small,2.95,11.50,10.28,7.33,3.40,3.04,0.09,VALID,1.00,LOCAL_GRADIENT_STEP,NONE
2_10,40,Small,2.35,16.50,14.75,12.40,5.55,4.96,2.61,VALID,1.00,LOCAL_GRADIENT_STEP,NONE
2_10,41,Small,2.36,9.75,8.72,6.36,1.70,1.52,0.84,VALID,1.00,RELATIVE_INTENSITY_STEP,NONE
2_10,42,Small,2.04,5.85,5.23,3.19,4.15,3.71,1.67,VALID,1.00,LOCAL_GRADIENT_STEP,NONE
2_10,43,Small,2.42,30.00,26.82,24.40,3.30,2.95,0.53,VALID,1.00,LOCAL_GRADIENT_STEP,NONE
2_10,44,Medium,9.16,28.50,25.48,16.33,8.20,7.33,1.82,VALID,1.00,LOCAL_GRADIENT_STEP,NONE
2_10,45,Small,2.42,19.40,17.35,14.92,6.60,5.90,3.48,VALID,1.00,LOCAL_GRADIENT_STEP,NONE
2_10,46,Small,2.49,19.50,17.44,14.95,8.15,7.29,4.80,VALID,1.00,LOCAL_GRADIENT_STEP,NONE
2_10,47,Small,2.48,30.00,26.82,24.34,1.50,1.34,1.14,VALID,1.00,RELATIVE_INTENSITY_STEP,NONE
2_10,48,Medium,9.11,30.00,26.82,17.71,11.15,9.97,0.86,VALID,1.00,RELATIVE_INTENSITY_STEP,NONE
2_10,49,Small,2.58,27.95,24.99,22.41,4.55,4.07,1.49,VALID,1.00,RELATIVE_INTENSITY_STEP,NONE
2_10,50,Small,2.47,30.00,26.82,24.36,1.35,1.21,1.26,VALID,1.00,RELATIVE_INTENSITY_STEP,NONE
2_10,51,Small,2.36,24.90,22.26,19.90,4.95,4.43,2.06,VALID,1.00,LOCAL_GRADIENT_STEP,NONE
2_10,52,Small,1.13,8.10,7.24,6.12,4.95,4.43,3.30,VALID,1.00,RELATIVE_INTENSITY_STEP,NONE
2_10,53,Medium,9.10,29.55,26.42,17.32,7.00,6.26,2.84,VALID,0.99,LOCAL_GRADIENT_STEP,NONE
2_10,54,Small,2.57,18.40,16.45,13.88,8.40,7.51,4.94,VALID,1.00,LOCAL_GRADIENT_STEP,NONE
2_10,55,Small,3.05,8.00,7.15,4.10,1.75,1.56,1.49,VALID,1.00,LOCAL_GRADIENT_STEP,NONE
2_10,56,Small,2.40,14.85,13.28,10.87,2.45,2.19,0.21,VALID,1.00,LOCAL_GRADIENT_STEP,NONE
2_10,57,Small,2.61,30.00,26.82,24.21,2.40,2.15,0.47,VALID,1.00,LOCAL_GRADIENT_STEP,NONE
2_10,58,Small,2.49,11.80,10.55,8.06,7.25,6.48,3.99,VALID,1.00,LOCAL_GRADIENT_STEP,NONE
2_10,59,Small,2.40,21.95,19.63,17.23,2.90,2.59,0.20,VALID,1.00,LOCAL_GRADIENT_STEP,NONE
2_10,60,Medium,9.38,15.70,14.04,4.66,5.05,4.52,4.86,VALID,1.00,LOCAL_GRADIENT_STEP,NONE
2_10,61,Small,2.49,30.00,26.82,24.34,6.15,5.50,3.01,VALID,1.00,LOCAL_GRADIENT_STEP,NONE
2_10,62,Medium,9.03,30.00,26.82,17.79,15.20,13.59,4.56,VALID,1.00,LOCAL_GRADIENT_STEP,NONE
2_10,63,Small,1.15,3.45,3.08,1.94,2.45,2.19,1.04,VALID,1.00,LOCAL_GRADIENT_STEP,NONE
2_10,64,Small,2.33,18.40,16.45,14.13,1.60,1.43,0.89,VALID,1.00,RELATIVE_INTENSITY_STEP,NONE
2_10,65,Small,2.39,8.25,7.38,4.99,3.90,3.49,1.10,VALID,0.99,LOCAL_GRADIENT_STEP,NONE
2_10,66,Large,12.58,30.00,26.82,14.25,11.40,10.19,2.38,VALID,1.00,LOCAL_GRADIENT_STEP,NONE
2_10,67,Small,2.24,19.85,17.75,15.50,4.75,4.25,2.00,VALID,1.00,LOCAL_GRADIENT_STEP,NONE
2_10,68,Small,3.26,0.55,0.49,2.77,0.20,N/A,N/A,REJECTED,0.00,LOCAL_GRADIENT_STEP,NO_VALID_SHADOW
2_10,69,Large,15.37,30.00,26.82,11.45,8.45,7.56,7.82,VALID,1.00,LOCAL_GRADIENT_STEP,FALSE_SHORT_SHADOW
2_10,70,Small,2.46,7.40,6.62,4.16,6.45,5.77,3.31,VALID,1.00,LOCAL_GRADIENT_STEP,NONE
2_10,71,Large,16.09,25.85,23.11,7.02,10.55,9.43,6.66,VALID,1.00,RELATIVE_INTENSITY_STEP,FALSE_SHORT_SHADOW
2_10,72,Small,2.41,9.95,8.90,6.49,6.65,5.95,3.54,VALID,0.98,LOCAL_GRADIENT_STEP,NONE
2_10,73,Small,2.28,14.00,12.52,10.24,2.10,1.88,0.40,VALID,1.00,LOCAL_GRADIENT_STEP,NONE
2_10,74,Small,2.41,30.00,26.82,24.42,10.80,9.66,7.25,VALID,1.00,LOCAL_GRADIENT_STEP,FALSE_LONG_SHADOW
2_10,75,Medium,11.08,30.00,26.82,15.75,7.40,6.62,4.46,VALID,1.00,LOCAL_GRADIENT_STEP,NONE
2_10,76,Small,2.40,9.20,8.23,5.82,7.50,6.71,4.30,VALID,1.00,LOCAL_GRADIENT_STEP,NONE
2_10,77,Medium,6.30,30.00,26.82,20.52,3.10,2.77,3.53,VALID,1.00,LOCAL_GRADIENT_STEP,NONE
2_10,78,Medium,8.51,7.15,6.39,2.12,4.15,3.71,4.80,VALID,1.00,SHADOW_SUPPORT_LOST,NONE
2_10,79,Small,2.26,10.90,9.75,7.49,9.05,8.09,5.84,VALID,1.00,LOCAL_GRADIENT_STEP,FALSE_LONG_SHADOW
2_10,80,Small,2.35,9.10,8.14,5.79,9.00,8.05,5.70,VALID,1.00,LOCAL_GRADIENT_STEP,FALSE_LONG_SHADOW
2_10,81,Medium,4.03,30.00,26.82,22.79,3.65,3.26,0.77,VALID,1.00,LOCAL_GRADIENT_STEP,NONE
2_10,82,Large,21.80,27.60,24.68,2.88,3.35,3.00,18.80,VALID,1.00,LOCAL_GRADIENT_STEP,FALSE_SHORT_SHADOW
2_10,83,Medium,9.51,30.00,26.82,17.32,7.30,6.53,2.98,VALID,1.00,RELATIVE_INTENSITY_STEP,NONE
2_10,84,Medium,4.34,13.05,11.67,7.33,7.95,7.11,2.77,VALID,1.00,LOCAL_GRADIENT_STEP,NONE
2_10,85,Small,3.20,6.40,5.72,2.52,2.45,2.19,1.01,VALID,1.00,RELATIVE_INTENSITY_STEP,NONE
2_11,1,Large,14.28,15.75,14.08,0.20,7.30,6.53,7.75,VALID,1.00,RELATIVE_INTENSITY_STEP,FALSE_SHORT_SHADOW
2_11,2,Large,14.24,13.45,12.03,2.21,4.00,3.58,10.66,VALID,0.99,LOCAL_GRADIENT_STEP,FALSE_SHORT_SHADOW
2_11,3,Large,14.28,18.85,16.85,2.57,3.15,2.82,11.47,VALID,1.00,LOCAL_GRADIENT_STEP,FALSE_SHORT_SHADOW
2_11,4,Medium,6.86,30.00,26.82,19.96,3.30,2.95,3.91,VALID,1.00,RELATIVE_INTENSITY_STEP,NONE
2_11,5,Small,3.32,30.00,26.82,23.51,4.30,3.84,0.53,VALID,1.00,LOCAL_GRADIENT_STEP,NONE
2_11,6,Medium,6.11,10.25,9.16,3.05,2.10,1.88,4.23,VALID,1.00,RELATIVE_INTENSITY_STEP,NONE
2_11,7,Small,3.25,30.00,26.82,23.57,5.40,4.83,1.58,VALID,1.00,LOCAL_GRADIENT_STEP,NONE
2_11,8,Large,12.32,28.15,25.17,12.85,18.70,16.72,4.40,VALID,1.00,LOCAL_GRADIENT_STEP,NONE
2_11,9,Large,12.22,30.00,26.82,14.61,20.75,18.55,6.34,VALID,1.00,LOCAL_GRADIENT_STEP,FALSE_LONG_SHADOW
2_11,10,Large,12.27,30.00,26.82,14.55,22.00,19.67,7.40,VALID,1.00,LOCAL_GRADIENT_STEP,FALSE_LONG_SHADOW
2_11,11,Medium,5.15,30.00,26.82,21.67,12.00,10.73,5.58,VALID,1.00,LOCAL_GRADIENT_STEP,FALSE_LONG_SHADOW
2_11,12,Small,1.18,27.10,24.23,23.05,6.30,5.63,4.45,VALID,1.00,RELATIVE_INTENSITY_STEP,NONE
2_11,13,Small,1.15,17.85,15.96,14.81,7.45,6.66,5.51,VALID,1.00,RELATIVE_INTENSITY_STEP,FALSE_LONG_SHADOW
2_11,14,Medium,11.90,9.80,8.76,3.14,9.00,8.05,3.86,VALID,1.00,LOCAL_GRADIENT_STEP,NONE
2_11,15,Medium,11.87,30.00,26.82,14.95,22.85,20.43,8.56,VALID,1.00,LOCAL_GRADIENT_STEP,FALSE_LONG_SHADOW
2_11,16,Small,1.60,12.00,10.73,9.13,6.60,5.90,4.30,VALID,1.00,LOCAL_GRADIENT_STEP,NONE
2_11,17,Medium,5.40,30.00,26.82,21.43,3.00,2.68,2.71,VALID,0.98,RELATIVE_INTENSITY_STEP,NONE
2_11,18,Medium,5.37,30.00,26.82,21.45,8.35,7.47,2.09,VALID,1.00,LOCAL_GRADIENT_STEP,NONE
2_11,19,Medium,7.12,30.00,26.82,19.70,29.20,26.11,18.99,VALID,1.00,LOCAL_GRADIENT_STEP,FALSE_LONG_SHADOW
2_11,20,Small,2.45,19.70,17.61,15.16,3.75,3.35,0.90,VALID,1.00,LOCAL_GRADIENT_STEP,NONE
2_11,21,Medium,9.89,30.00,26.82,16.93,8.80,7.87,2.02,VALID,1.00,LOCAL_GRADIENT_STEP,NONE
2_11,22,Large,12.34,25.05,22.40,10.05,10.85,9.70,2.64,VALID,1.00,LOCAL_GRADIENT_STEP,NONE
2_11,23,Medium,11.41,18.00,16.09,4.69,11.05,9.88,1.53,VALID,1.00,LOCAL_GRADIENT_STEP,NONE
2_11,24,Large,13.10,7.45,6.66,6.44,5.50,4.92,8.18,VALID,1.00,LOCAL_GRADIENT_STEP,FALSE_SHORT_SHADOW
2_11,25,Medium,11.69,6.40,5.72,5.96,2.95,2.64,9.05,VALID,1.00,SHADOW_SUPPORT_LOST,FALSE_SHORT_SHADOW
2_11,26,Medium,11.09,2.50,2.24,8.85,1.10,0.98,10.10,VALID,1.00,LOCAL_GRADIENT_STEP,FALSE_SHORT_SHADOW
2_12,1,Large,17.52,11.25,10.06,7.46,1.50,1.34,16.18,VALID,0.97,LOCAL_GRADIENT_STEP,FALSE_SHORT_SHADOW
2_12,2,Large,14.58,30.00,26.82,12.24,15.05,13.46,1.12,VALID,1.00,LOCAL_GRADIENT_STEP,NONE
2_12,3,Medium,4.96,12.85,11.49,6.53,6.85,6.12,1.16,VALID,1.00,LOCAL_GRADIENT_STEP,NONE
2_12,4,Large,16.46,30.00,26.82,10.36,8.50,7.60,8.86,VALID,1.00,LOCAL_GRADIENT_STEP,FALSE_SHORT_SHADOW
2_12,5,Medium,9.74,22.45,20.07,10.33,14.95,13.37,3.63,VALID,1.00,LOCAL_GRADIENT_STEP,NONE
2_12,6,Large,16.47,30.00,26.82,10.35,19.35,17.30,0.83,VALID,1.00,LOCAL_GRADIENT_STEP,NONE
2_12,7,Medium,5.23,9.95,8.90,3.66,1.10,0.98,4.25,VALID,1.00,RELATIVE_INTENSITY_STEP,NONE
2_12,8,Medium,6.27,30.00,26.82,20.56,4.55,4.07,2.20,VALID,1.00,RELATIVE_INTENSITY_STEP,NONE
2_12,9,Medium,7.19,30.00,26.82,19.63,14.40,12.88,5.68,VALID,1.00,LOCAL_GRADIENT_STEP,FALSE_LONG_SHADOW
2_12,10,Medium,6.87,30.00,26.82,19.95,5.10,4.56,2.31,VALID,1.00,LOCAL_GRADIENT_STEP,NONE
2_12,11,Small,2.90,22.60,20.21,17.31,5.00,4.47,1.57,VALID,1.00,LOCAL_GRADIENT_STEP,NONE
2_12,12,Medium,11.48,30.00,26.82,15.35,7.95,7.11,4.37,VALID,1.00,LOCAL_GRADIENT_STEP,NONE
2_12,13,Large,12.45,30.00,26.82,14.37,10.70,9.57,2.88,VALID,1.00,RELATIVE_INTENSITY_STEP,NONE
2_12,14,Medium,9.64,12.95,11.58,1.94,12.95,11.58,1.94,VALID,1.00,SHADOW_SUPPORT_LOST,NONE
2_12,15,Medium,5.18,3.90,3.49,1.70,3.90,3.49,1.70,VALID,1.00,SHADOW_SUPPORT_LOST,NONE
2_12,16,Large,14.84,30.00,26.82,11.98,22.60,20.21,5.37,VALID,1.00,RELATIVE_INTENSITY_STEP,FALSE_LONG_SHADOW
2_12,17,Medium,6.24,30.00,26.82,20.58,12.90,11.53,5.30,VALID,1.00,LOCAL_GRADIENT_STEP,FALSE_LONG_SHADOW
2_12,18,Small,2.56,30.00,26.82,24.27,5.65,5.05,2.49,VALID,1.00,LOCAL_GRADIENT_STEP,NONE
2_12,19,Medium,4.91,12.60,11.27,6.35,4.60,4.11,0.80,VALID,1.00,LOCAL_GRADIENT_STEP,NONE
2_13,1,Large,14.43,30.00,26.82,12.39,10.40,9.30,5.14,VALID,1.00,LOCAL_GRADIENT_STEP,FALSE_SHORT_SHADOW
2_13,2,Small,3.09,10.90,9.75,6.65,8.25,7.38,4.29,VALID,1.00,SHADOW_SUPPORT_LOST,NONE
2_13,3,Small,1.85,20.90,18.69,16.84,7.40,6.62,4.77,VALID,1.00,LOCAL_GRADIENT_STEP,NONE
2_13,4,Small,0.01,23.30,20.83,20.82,5.75,5.14,5.13,VALID,1.00,LOCAL_GRADIENT_STEP,FALSE_LONG_SHADOW
2_13,5,Medium,4.83,9.35,8.36,3.53,2.75,2.46,2.37,VALID,1.00,RELATIVE_INTENSITY_STEP,NONE
2_13,6,Small,2.25,30.00,26.82,24.57,12.35,11.04,8.79,VALID,1.00,LOCAL_GRADIENT_STEP,FALSE_LONG_SHADOW
2_13,7,Medium,7.55,6.80,6.08,1.47,4.00,3.58,3.98,VALID,1.00,LOCAL_GRADIENT_STEP,NONE
2_13,8,Medium,9.23,30.00,26.82,17.60,2.40,2.15,7.08,VALID,1.00,RELATIVE_INTENSITY_STEP,FALSE_SHORT_SHADOW
2_13,9,Small,0.00,24.80,22.17,22.17,2.80,2.50,2.50,VALID,1.00,LOCAL_GRADIENT_STEP,NONE
2_13,10,Large,12.59,30.00,26.82,14.23,13.10,11.71,0.88,VALID,1.00,LOCAL_GRADIENT_STEP,NONE
2_13,11,Medium,4.28,30.00,26.82,22.54,3.35,3.00,1.29,VALID,1.00,LOCAL_GRADIENT_STEP,NONE
2_13,12,Medium,8.16,30.00,26.82,18.66,3.15,2.82,5.35,VALID,1.00,LOCAL_GRADIENT_STEP,FALSE_SHORT_SHADOW
2_13,13,Medium,5.66,30.00,26.82,21.17,8.20,7.33,1.67,VALID,1.00,LOCAL_GRADIENT_STEP,NONE
2_13,14,Large,14.04,30.00,26.82,12.79,4.05,3.62,10.41,VALID,1.00,LOCAL_GRADIENT_STEP,FALSE_SHORT_SHADOW
2_13,15,Medium,9.47,30.00,26.82,17.35,12.85,11.49,2.02,VALID,1.00,LOCAL_GRADIENT_STEP,NONE
2_13,16,Medium,7.10,30.00,26.82,19.72,5.25,4.69,2.41,VALID,1.00,RELATIVE_INTENSITY_STEP,NONE
2_13,17,Medium,4.64,22.50,20.12,15.48,7.85,7.02,2.38,VALID,1.00,RELATIVE_INTENSITY_STEP,NONE
2_13,18,Small,0.84,6.10,5.45,4.61,0.30,N/A,N/A,REJECTED,0.00,RELATIVE_INTENSITY_STEP,NO_VALID_SHADOW
2_13,19,Large,13.76,30.00,26.82,13.06,6.30,5.63,8.13,VALID,1.00,LOCAL_GRADIENT_STEP,FALSE_SHORT_SHADOW
2_13,20,Small,2.17,30.00,26.82,24.65,5.55,4.96,2.79,VALID,1.00,LOCAL_GRADIENT_STEP,NONE
2_13,21,Large,15.69,29.95,26.78,11.09,12.10,10.82,4.87,VALID,1.00,RELATIVE_INTENSITY_STEP,NONE
2_13,22,Small,0.00,10.00,8.94,8.94,3.60,3.22,3.22,VALID,1.00,RELATIVE_INTENSITY_STEP,NONE
2_13,23,Large,13.10,30.00,26.82,13.72,13.40,11.98,1.12,VALID,1.00,LOCAL_GRADIENT_STEP,NONE
2_13,24,Large,12.69,30.00,26.82,14.13,22.20,19.85,7.16,VALID,1.00,LOCAL_GRADIENT_STEP,FALSE_LONG_SHADOW
2_13,25,Medium,8.42,5.35,4.78,3.63,3.35,3.00,5.42,VALID,0.99,LOCAL_GRADIENT_STEP,FALSE_SHORT_SHADOW
2_13,26,Medium,4.89,10.35,9.25,4.36,5.15,4.60,0.29,VALID,1.00,LOCAL_GRADIENT_STEP,NONE
2_13,27,Large,13.49,30.00,26.82,13.33,9.85,8.81,4.69,VALID,1.00,LOCAL_GRADIENT_STEP,NONE
2_13,28,Small,0.00,30.00,26.82,26.82,3.45,3.08,3.08,VALID,1.00,LOCAL_GRADIENT_STEP,NONE
2_13,29,Large,12.61,30.00,26.82,14.21,16.60,14.84,2.23,VALID,1.00,LOCAL_GRADIENT_STEP,NONE
2_13,30,Large,13.06,21.05,18.82,5.76,16.30,14.57,1.51,VALID,1.00,LOCAL_GRADIENT_STEP,NONE
2_13,31,Medium,10.91,30.00,26.82,15.92,7.00,6.26,4.65,VALID,1.00,LOCAL_GRADIENT_STEP,NONE
2_13,32,Small,1.12,11.50,10.28,9.17,2.15,1.92,0.81,VALID,1.00,RELATIVE_INTENSITY_STEP,NONE
2_13,33,Small,2.43,13.15,11.76,9.33,4.75,4.25,1.81,VALID,1.00,LOCAL_GRADIENT_STEP,NONE
2_13,34,Medium,4.19,24.40,21.82,17.62,9.80,8.76,4.57,VALID,1.00,LOCAL_GRADIENT_STEP,NONE
2_13,35,Small,3.71,18.50,16.54,12.83,5.15,4.60,0.89,VALID,1.00,RELATIVE_INTENSITY_STEP,NONE
2_13,36,Medium,9.73,29.00,25.93,16.20,9.10,8.14,1.59,VALID,1.00,RELATIVE_INTENSITY_STEP,NONE
2_13,37,Medium,6.73,28.35,25.35,18.62,13.25,11.85,5.12,VALID,1.00,LOCAL_GRADIENT_STEP,FALSE_LONG_SHADOW
2_13,38,Large,13.96,30.00,26.82,12.86,12.30,11.00,2.96,VALID,1.00,LOCAL_GRADIENT_STEP,NONE
2_13,39,Large,12.77,30.00,26.82,14.05,10.05,8.99,3.79,VALID,1.00,LOCAL_GRADIENT_STEP,NONE
2_13,40,Medium,5.65,30.00,26.82,21.17,4.15,3.71,1.94,VALID,1.00,RELATIVE_INTENSITY_STEP,NONE
2_13,41,Small,0.64,17.55,15.69,15.05,8.20,7.33,6.69,VALID,1.00,LOCAL_GRADIENT_STEP,FALSE_LONG_SHADOW
2_13,42,Small,0.00,22.75,20.34,20.34,2.20,1.97,1.97,VALID,1.00,LOCAL_GRADIENT_STEP,NONE
2_13,43,Medium,9.46,21.75,19.45,9.98,1.00,0.89,8.57,VALID,0.95,LOCAL_GRADIENT_STEP,FALSE_SHORT_SHADOW
2_13,44,Large,13.50,30.00,26.82,13.32,8.10,7.24,6.26,VALID,1.00,LOCAL_GRADIENT_STEP,FALSE_SHORT_SHADOW
2_13,45,Medium,7.25,26.50,23.69,16.44,13.30,11.89,4.64,VALID,1.00,LOCAL_GRADIENT_STEP,NONE
2_13,46,Medium,8.32,15.10,13.50,5.18,5.20,4.65,3.67,VALID,1.00,LOCAL_GRADIENT_STEP,NONE
2_13,47,Medium,10.92,30.00,26.82,15.90,9.10,8.14,2.78,VALID,1.00,RELATIVE_INTENSITY_STEP,NONE
2_13,48,Medium,7.68,24.95,22.31,14.63,4.80,4.29,3.39,VALID,1.00,LOCAL_GRADIENT_STEP,NONE
2_13,49,Medium,4.61,9.65,8.63,4.02,2.25,2.01,2.60,VALID,1.00,RELATIVE_INTENSITY_STEP,NONE
2_13,50,Medium,11.60,30.00,26.82,15.22,4.85,4.34,7.26,VALID,0.99,LOCAL_GRADIENT_STEP,FALSE_SHORT_SHADOW
2_13,51,Small,2.63,16.50,14.75,12.13,1.15,1.03,1.60,VALID,1.00,LOCAL_GRADIENT_STEP,NONE
2_13,52,Large,12.90,16.85,15.07,2.17,14.70,13.14,0.24,VALID,1.00,LOCAL_GRADIENT_STEP,NONE
2_13,53,Medium,10.58,30.00,26.82,16.24,12.20,10.91,0.33,VALID,1.00,SHADOW_SUPPORT_LOST,NONE
2_13,54,Small,2.66,14.95,13.37,10.70,2.50,2.24,0.43,VALID,1.00,LOCAL_GRADIENT_STEP,NONE
2_13,55,Medium,6.26,19.50,17.44,11.18,5.50,4.92,1.34,VALID,1.00,LOCAL_GRADIENT_STEP,NONE
2_13,56,Medium,11.04,30.00,26.82,15.79,7.95,7.11,3.93,VALID,1.00,LOCAL_GRADIENT_STEP,NONE
2_13,57,Medium,11.75,30.00,26.82,15.08,10.60,9.48,2.27,VALID,1.00,LOCAL_GRADIENT_STEP,NONE
2_13,58,Medium,9.89,14.15,12.65,2.77,4.55,4.07,5.82,VALID,1.00,LOCAL_GRADIENT_STEP,FALSE_SHORT_SHADOW
2_13,59,Medium,6.88,16.90,15.11,8.23,6.85,6.12,0.75,VALID,1.00,LOCAL_GRADIENT_STEP,NONE
2_13,60,Small,0.89,30.00,26.82,25.93,2.55,2.28,1.39,VALID,1.00,LOCAL_GRADIENT_STEP,NONE
2_13,61,Medium,11.04,30.00,26.82,15.78,4.70,4.20,6.84,VALID,1.00,LOCAL_GRADIENT_STEP,FALSE_SHORT_SHADOW
2_13,62,Small,0.28,1.45,1.30,1.01,0.25,N/A,N/A,REJECTED,0.00,LOCAL_GRADIENT_STEP,NO_VALID_SHADOW
2_13,63,Small,1.64,30.00,26.82,25.18,7.45,6.66,5.02,VALID,1.00,LOCAL_GRADIENT_STEP,FALSE_LONG_SHADOW
2_13,64,Small,0.00,30.00,26.82,26.82,25.00,22.35,22.35,VALID,1.00,LOCAL_GRADIENT_STEP,FALSE_LONG_SHADOW
2_13,65,Medium,8.08,23.05,20.61,12.53,5.00,4.47,3.61,VALID,1.00,SHADOW_SUPPORT_LOST,NONE
2_13,66,Medium,9.02,30.00,26.82,17.80,4.15,3.71,5.31,VALID,1.00,LOCAL_GRADIENT_STEP,FALSE_SHORT_SHADOW
2_13,67,Small,1.21,30.00,26.82,25.62,22.20,19.85,18.64,VALID,1.00,LOCAL_GRADIENT_STEP,FALSE_LONG_SHADOW
2_13,68,Medium,8.80,8.70,7.78,1.02,2.05,1.83,6.97,VALID,1.00,SHADOW_SUPPORT_LOST,FALSE_SHORT_SHADOW
2_13,69,Medium,7.26,6.20,5.54,1.72,2.55,2.28,4.98,VALID,1.00,LOCAL_GRADIENT_STEP,NONE
2_13,70,Medium,7.19,6.80,6.08,1.11,6.15,5.50,1.69,VALID,1.00,LOCAL_GRADIENT_STEP,NONE
2_13,71,Medium,5.86,0.35,0.31,5.55,0.35,N/A,N/A,REJECTED,0.00,SHADOW_SUPPORT_LOST,NO_VALID_SHADOW
2_13,72,Small,0.00,2.20,1.97,1.97,1.95,1.74,1.74,VALID,1.00,SHADOW_SUPPORT_LOST,NONE
2_14,1,Large,14.06,30.00,26.82,12.76,11.10,9.92,4.13,VALID,1.00,LOCAL_GRADIENT_STEP,NONE
2_14,2,Small,2.16,13.55,12.12,9.96,4.50,4.02,1.86,VALID,1.00,LOCAL_GRADIENT_STEP,NONE
2_14,3,Medium,5.56,30.00,26.82,21.26,5.35,4.78,0.78,VALID,1.00,LOCAL_GRADIENT_STEP,NONE
2_14,4,Large,13.06,30.00,26.82,13.76,12.85,11.49,1.57,VALID,1.00,LOCAL_GRADIENT_STEP,NONE
2_14,5,Medium,9.18,6.05,5.41,3.77,3.60,3.22,5.97,VALID,1.00,SHADOW_SUPPORT_LOST,FALSE_SHORT_SHADOW
2_14,6,Medium,9.47,30.00,26.82,17.35,8.60,7.69,1.78,VALID,1.00,LOCAL_GRADIENT_STEP,NONE
2_14,7,Small,2.57,30.00,26.82,24.25,3.95,3.53,0.96,VALID,1.00,LOCAL_GRADIENT_STEP,NONE
2_14,8,Medium,8.59,19.05,17.03,8.44,9.85,8.81,0.21,VALID,1.00,LOCAL_GRADIENT_STEP,NONE
2_14,9,Large,16.69,20.90,18.69,2.00,7.75,6.93,9.76,VALID,1.00,RELATIVE_INTENSITY_STEP,FALSE_SHORT_SHADOW
2_14,10,Large,12.41,30.00,26.82,14.42,6.90,6.17,6.24,VALID,1.00,RELATIVE_INTENSITY_STEP,FALSE_SHORT_SHADOW
2_14,11,Medium,7.01,30.00,26.82,19.82,5.65,5.05,1.95,VALID,1.00,LOCAL_GRADIENT_STEP,NONE
2_14,12,Medium,7.76,18.45,16.50,8.73,6.70,5.99,1.77,VALID,1.00,LOCAL_GRADIENT_STEP,NONE
2_14,13,Medium,7.64,14.60,13.05,5.41,5.10,4.56,3.08,VALID,1.00,LOCAL_GRADIENT_STEP,NONE
2_14,14,Large,14.82,30.00,26.82,12.01,21.70,19.40,4.59,VALID,1.00,LOCAL_GRADIENT_STEP,NONE
2_14,15,Small,1.90,30.00,26.82,24.92,1.35,1.21,0.69,VALID,1.00,LOCAL_GRADIENT_STEP,NONE
2_14,16,Small,1.83,21.40,19.13,17.31,3.25,2.91,1.08,VALID,1.00,LOCAL_GRADIENT_STEP,NONE
2_14,17,Small,2.93,19.90,17.79,14.86,2.90,2.59,0.34,VALID,1.00,LOCAL_GRADIENT_STEP,NONE
2_14,18,Medium,9.21,30.00,26.82,17.61,8.45,7.56,1.66,VALID,1.00,LOCAL_GRADIENT_STEP,NONE
2_14,19,Small,2.47,13.30,11.89,9.42,1.85,1.65,0.82,VALID,1.00,LOCAL_GRADIENT_STEP,NONE
2_14,20,Large,17.95,13.55,12.12,5.83,5.70,5.10,12.85,VALID,1.00,LOCAL_GRADIENT_STEP,FALSE_SHORT_SHADOW
2_14,21,Small,2.24,28.00,25.03,22.79,4.05,3.62,1.38,VALID,1.00,LOCAL_GRADIENT_STEP,NONE
2_14,22,Large,17.39,30.00,26.82,9.43,24.15,21.59,4.20,VALID,1.00,LOCAL_GRADIENT_STEP,NONE
2_14,23,Medium,8.23,30.00,26.82,18.60,11.45,10.24,2.01,VALID,1.00,LOCAL_GRADIENT_STEP,NONE
2_14,24,Small,2.34,30.00,26.82,24.49,4.00,3.58,1.24,VALID,1.00,LOCAL_GRADIENT_STEP,NONE
2_14,25,Medium,8.09,30.00,26.82,18.73,7.90,7.06,1.03,VALID,1.00,LOCAL_GRADIENT_STEP,NONE
2_14,26,Small,2.11,12.70,11.36,9.24,5.75,5.14,3.03,VALID,1.00,LOCAL_GRADIENT_STEP,NONE
2_14,27,Small,2.18,21.50,19.22,17.04,1.10,0.98,1.20,VALID,1.00,LOCAL_GRADIENT_STEP,NONE
2_14,28,Small,3.82,30.00,26.82,23.00,2.55,2.28,1.54,VALID,1.00,RELATIVE_INTENSITY_STEP,NONE
2_14,29,Medium,8.35,30.00,26.82,18.48,3.95,3.53,4.81,VALID,1.00,RELATIVE_INTENSITY_STEP,NONE
2_14,30,Medium,8.22,28.60,25.57,17.36,13.00,11.62,3.41,VALID,1.00,RELATIVE_INTENSITY_STEP,NONE
2_14,31,Medium,8.26,30.00,26.82,18.56,3.85,3.44,4.82,VALID,1.00,LOCAL_GRADIENT_STEP,NONE
2_14,32,Large,12.54,30.00,26.82,14.28,12.35,11.04,1.50,VALID,1.00,LOCAL_GRADIENT_STEP,NONE
2_14,33,Large,14.85,30.00,26.82,11.98,13.75,12.29,2.55,VALID,1.00,LOCAL_GRADIENT_STEP,NONE
2_14,34,Small,2.71,30.00,26.82,24.11,3.85,3.44,0.73,VALID,1.00,LOCAL_GRADIENT_STEP,NONE
2_14,35,Medium,8.25,30.00,26.82,18.57,10.45,9.34,1.09,VALID,1.00,LOCAL_GRADIENT_STEP,NONE
2_14,36,Medium,7.15,30.00,26.82,19.68,9.95,8.90,1.75,VALID,1.00,LOCAL_GRADIENT_STEP,NONE
2_14,37,Large,12.61,30.00,26.82,14.21,8.85,7.91,4.70,VALID,1.00,LOCAL_GRADIENT_STEP,NONE
2_14,38,Small,2.74,30.00,26.82,24.09,2.50,2.24,0.50,VALID,1.00,LOCAL_GRADIENT_STEP,NONE
2_14,39,Large,13.46,30.00,26.82,13.37,9.85,8.81,4.65,VALID,1.00,LOCAL_GRADIENT_STEP,NONE
2_14,40,Small,2.09,20.75,18.55,16.46,1.15,1.03,1.06,VALID,1.00,LOCAL_GRADIENT_STEP,NONE
2_14,41,Medium,10.52,30.00,26.82,16.30,6.90,6.17,4.35,VALID,1.00,RELATIVE_INTENSITY_STEP,NONE
3_10,1,Large,23.17,30.00,26.82,3.65,10.90,9.75,13.43,VALID,1.00,LOCAL_GRADIENT_STEP,FALSE_SHORT_SHADOW
3_10,2,Small,3.95,30.00,26.82,22.87,30.00,26.82,22.87,LOW CONFIDENCE,0.30,REACHED_PHYSICAL_MAX_LIMIT,DARK_REGION_PENETRATION
3_10,3,Medium,10.68,7.65,6.84,3.84,2.80,2.50,8.18,VALID,1.00,LOCAL_GRADIENT_STEP,FALSE_SHORT_SHADOW
3_10,4,Medium,9.05,30.00,26.82,17.78,2.50,2.24,6.81,VALID,1.00,RELATIVE_INTENSITY_STEP,FALSE_SHORT_SHADOW
3_10,5,Small,3.94,30.00,26.82,22.89,4.65,4.16,0.22,VALID,1.00,RELATIVE_INTENSITY_STEP,NONE
3_10,6,Medium,8.16,4.20,3.76,4.40,3.50,3.13,5.03,VALID,1.00,LOCAL_GRADIENT_STEP,FALSE_SHORT_SHADOW
3_10,7,Large,17.40,13.95,12.47,4.92,5.15,4.60,12.79,VALID,1.00,LOCAL_GRADIENT_STEP,FALSE_SHORT_SHADOW
3_10,8,Small,3.86,30.00,26.82,22.97,22.05,19.71,15.86,VALID,1.00,LOCAL_GRADIENT_STEP,FALSE_LONG_SHADOW
3_10,9,Medium,8.54,30.00,26.82,18.28,8.40,7.51,1.03,VALID,1.00,LOCAL_GRADIENT_STEP,NONE
3_10,10,Large,15.65,3.40,3.04,12.61,2.95,2.64,13.01,VALID,1.00,LOCAL_GRADIENT_STEP,FALSE_SHORT_SHADOW
3_10,11,Large,12.20,30.00,26.82,14.63,15.35,13.72,1.53,VALID,1.00,RELATIVE_INTENSITY_STEP,NONE
3_10,12,Medium,4.19,30.00,26.82,22.63,7.05,6.30,2.11,VALID,1.00,LOCAL_GRADIENT_STEP,NONE
3_10,13,Medium,4.10,30.00,26.82,22.72,3.95,3.53,0.57,VALID,1.00,LOCAL_GRADIENT_STEP,NONE
3_10,14,Small,3.99,27.40,24.50,20.51,5.20,4.65,0.66,VALID,1.00,RELATIVE_INTENSITY_STEP,NONE
3_10,15,Small,3.83,30.00,26.82,22.99,5.70,5.10,1.27,VALID,1.00,RELATIVE_INTENSITY_STEP,NONE
3_10,16,Medium,4.14,30.00,26.82,22.68,6.40,5.72,1.58,VALID,1.00,LOCAL_GRADIENT_STEP,NONE
3_10,17,Small,3.65,30.00,26.82,23.18,2.40,2.15,1.50,VALID,1.00,LOCAL_GRADIENT_STEP,NONE
3_10,18,Medium,4.01,30.00,26.82,22.81,8.45,7.56,3.54,VALID,1.00,LOCAL_GRADIENT_STEP,NONE
3_10,19,Small,3.24,25.50,22.80,19.55,0.80,0.72,2.53,VALID,1.00,LOCAL_GRADIENT_STEP,NONE
3_10,20,Small,3.19,24.90,22.26,19.07,2.40,2.15,1.05,VALID,1.00,LOCAL_GRADIENT_STEP,NONE
3_10,21,Medium,4.00,30.00,26.82,22.82,5.10,4.56,0.56,VALID,1.00,LOCAL_GRADIENT_STEP,NONE
3_10,22,Small,3.04,9.85,8.81,5.77,1.30,1.16,1.88,VALID,1.00,LOCAL_GRADIENT_STEP,NONE
3_10,23,Medium,4.09,14.75,13.19,9.09,2.65,2.37,1.72,VALID,1.00,RELATIVE_INTENSITY_STEP,NONE
3_10,24,Small,3.10,30.00,26.82,23.72,2.05,1.83,1.27,VALID,1.00,LOCAL_GRADIENT_STEP,NONE
3_10,25,Medium,4.76,30.00,26.82,22.06,6.60,5.90,1.14,VALID,1.00,RELATIVE_INTENSITY_STEP,NONE
3_10,26,Small,3.18,30.00,26.82,23.64,2.45,2.19,0.99,VALID,1.00,LOCAL_GRADIENT_STEP,NONE
3_10,27,Small,3.69,30.00,26.82,23.14,2.90,2.59,1.10,VALID,1.00,RELATIVE_INTENSITY_STEP,NONE
3_10,28,Small,0.00,5.70,5.10,5.10,1.15,1.03,1.03,VALID,1.00,LOCAL_GRADIENT_STEP,NONE
3_10,29,Small,0.00,0.60,0.54,0.54,0.20,N/A,N/A,REJECTED,0.00,LOCAL_GRADIENT_STEP,NO_VALID_SHADOW
3_10,30,Small,2.97,2.90,2.59,0.37,2.15,1.92,1.04,VALID,1.00,RELATIVE_INTENSITY_STEP,NONE
3_10,31,Medium,5.42,30.00,26.82,21.41,4.90,4.38,1.04,VALID,1.00,LOCAL_GRADIENT_STEP,NONE
3_10,32,Small,0.88,20.20,18.06,17.18,13.65,12.20,11.32,VALID,1.00,RELATIVE_INTENSITY_STEP,FALSE_LONG_SHADOW
3_10,33,Large,14.64,30.00,26.82,12.18,6.05,5.41,9.23,VALID,1.00,LOCAL_GRADIENT_STEP,FALSE_SHORT_SHADOW
3_10,34,Medium,4.96,17.05,15.24,10.28,9.90,8.85,3.89,VALID,1.00,LOCAL_GRADIENT_STEP,NONE
3_10,35,Small,0.93,30.00,26.82,25.89,19.65,17.57,16.64,VALID,1.00,LOCAL_GRADIENT_STEP,FALSE_LONG_SHADOW
3_10,36,Medium,4.60,5.60,5.01,0.40,5.20,4.65,0.05,VALID,0.99,SHADOW_SUPPORT_LOST,NONE
3_10,37,Medium,11.96,30.00,26.82,14.87,11.60,10.37,1.59,VALID,1.00,RELATIVE_INTENSITY_STEP,NONE
3_10,38,Large,13.75,30.00,26.82,13.07,8.30,7.42,6.33,VALID,1.00,RELATIVE_INTENSITY_STEP,FALSE_SHORT_SHADOW
3_10,39,Large,13.62,30.00,26.82,13.20,6.95,6.21,7.41,VALID,1.00,LOCAL_GRADIENT_STEP,FALSE_SHORT_SHADOW
3_10,40,Medium,10.77,30.00,26.82,16.05,8.75,7.82,2.95,VALID,1.00,LOCAL_GRADIENT_STEP,NONE
3_10,41,Medium,10.63,30.00,26.82,16.19,5.95,5.32,5.31,VALID,1.00,RELATIVE_INTENSITY_STEP,FALSE_SHORT_SHADOW
3_10,42,Medium,11.47,30.00,26.82,15.36,7.35,6.57,4.90,VALID,1.00,LOCAL_GRADIENT_STEP,NONE
3_10,43,Medium,10.68,30.00,26.82,16.15,7.80,6.97,3.70,VALID,1.00,LOCAL_GRADIENT_STEP,NONE
3_10,44,Large,13.88,30.00,26.82,12.94,30.00,26.82,12.94,LOW CONFIDENCE,0.30,REACHED_PHYSICAL_MAX_LIMIT,DARK_REGION_PENETRATION
3_10,45,Medium,5.18,30.00,26.82,21.64,6.55,5.86,0.67,VALID,1.00,LOCAL_GRADIENT_STEP,NONE
3_10,46,Medium,9.43,30.00,26.82,17.39,9.45,8.45,0.98,VALID,1.00,LOCAL_GRADIENT_STEP,NONE
3_10,47,Large,14.13,30.00,26.82,12.70,12.30,11.00,3.13,VALID,1.00,LOCAL_GRADIENT_STEP,NONE
3_10,48,Medium,10.73,30.00,26.82,16.09,5.45,4.87,5.86,VALID,1.00,RELATIVE_INTENSITY_STEP,FALSE_SHORT_SHADOW
3_10,49,Medium,11.60,30.00,26.82,15.22,11.10,9.92,1.68,VALID,1.00,RELATIVE_INTENSITY_STEP,NONE
3_10,50,Large,13.34,30.00,26.82,13.49,7.50,6.71,6.63,VALID,1.00,LOCAL_GRADIENT_STEP,FALSE_SHORT_SHADOW
3_10,51,Large,15.44,30.00,26.82,11.38,5.10,4.56,10.88,VALID,1.00,LOCAL_GRADIENT_STEP,FALSE_SHORT_SHADOW
3_10,52,Medium,11.06,26.95,24.10,13.03,9.80,8.76,2.30,VALID,1.00,LOCAL_GRADIENT_STEP,NONE
3_10,53,Small,1.09,23.05,20.61,19.52,8.90,7.96,6.87,VALID,1.00,RELATIVE_INTENSITY_STEP,FALSE_LONG_SHADOW
3_10,54,Small,3.75,13.25,11.85,8.10,5.15,4.60,0.86,VALID,1.00,LOCAL_GRADIENT_STEP,NONE
3_10,55,Small,1.41,12.95,11.58,10.16,5.80,5.19,3.77,VALID,1.00,LOCAL_GRADIENT_STEP,NONE
3_10,56,Small,2.81,9.20,8.23,5.42,7.10,6.35,3.54,VALID,1.00,SHADOW_SUPPORT_LOST,NONE
3_10,57,Small,2.34,8.40,7.51,5.17,6.70,5.99,3.65,VALID,1.00,SHADOW_SUPPORT_LOST,NONE
3_10,58,Medium,10.62,4.10,3.67,6.96,2.00,1.79,8.83,VALID,1.00,LOCAL_GRADIENT_STEP,FALSE_SHORT_SHADOW
3_11,1,Large,16.26,22.15,19.80,3.55,6.65,5.95,10.31,VALID,1.00,LOCAL_GRADIENT_STEP,FALSE_SHORT_SHADOW
3_11,2,Medium,11.93,8.90,7.96,3.97,1.70,1.52,10.41,VALID,0.94,LOCAL_GRADIENT_STEP,FALSE_SHORT_SHADOW
3_11,3,Large,18.16,30.00,26.82,8.66,10.65,9.52,8.64,VALID,1.00,LOCAL_GRADIENT_STEP,FALSE_SHORT_SHADOW
3_11,4,Large,16.85,30.00,26.82,9.97,16.10,14.40,2.45,VALID,1.00,LOCAL_GRADIENT_STEP,NONE
3_11,5,Large,23.16,30.00,26.82,3.66,13.40,11.98,11.18,VALID,1.00,LOCAL_GRADIENT_STEP,FALSE_SHORT_SHADOW
3_11,6,Medium,10.22,30.00,26.82,16.61,30.00,26.82,16.61,LOW CONFIDENCE,0.30,REACHED_PHYSICAL_MAX_LIMIT,DARK_REGION_PENETRATION
3_11,7,Medium,11.12,30.00,26.82,15.71,30.00,26.82,15.71,LOW CONFIDENCE,0.30,REACHED_PHYSICAL_MAX_LIMIT,DARK_REGION_PENETRATION
3_11,8,Medium,11.31,30.00,26.82,15.52,30.00,26.82,15.52,LOW CONFIDENCE,0.30,REACHED_PHYSICAL_MAX_LIMIT,DARK_REGION_PENETRATION
3_11,9,Small,3.62,4.80,4.29,0.67,1.65,1.48,2.14,VALID,1.00,LOCAL_GRADIENT_STEP,NONE
3_11,10,Small,3.70,6.50,5.81,2.11,1.80,1.61,2.09,VALID,1.00,RELATIVE_INTENSITY_STEP,NONE
3_11,11,Small,3.52,16.35,14.62,11.10,7.10,6.35,2.83,VALID,1.00,LOCAL_GRADIENT_STEP,NONE
3_11,12,Medium,10.90,30.00,26.82,15.93,9.75,8.72,2.18,VALID,0.99,LOCAL_GRADIENT_STEP,NONE
3_11,13,Medium,9.52,30.00,26.82,17.30,13.40,11.98,2.46,VALID,1.00,LOCAL_GRADIENT_STEP,NONE
3_11,14,Medium,11.10,30.00,26.82,15.72,5.35,4.78,6.32,VALID,0.99,LOCAL_GRADIENT_STEP,FALSE_SHORT_SHADOW
3_11,15,Large,14.29,30.00,26.82,12.54,7.30,6.53,7.76,VALID,1.00,LOCAL_GRADIENT_STEP,FALSE_SHORT_SHADOW
3_11,16,Large,21.79,13.35,11.94,9.86,3.40,3.04,18.75,VALID,1.00,LOCAL_GRADIENT_STEP,FALSE_SHORT_SHADOW
3_11,17,Medium,10.59,30.00,26.82,16.23,6.10,5.45,5.14,VALID,1.00,LOCAL_GRADIENT_STEP,FALSE_SHORT_SHADOW
3_11,18,Small,3.19,30.00,26.82,23.63,2.65,2.37,0.82,VALID,1.00,LOCAL_GRADIENT_STEP,NONE
3_11,19,Medium,5.70,30.00,26.82,21.13,20.15,18.02,12.32,VALID,1.00,LOCAL_GRADIENT_STEP,FALSE_LONG_SHADOW
3_11,20,Medium,7.91,30.00,26.82,18.92,11.50,10.28,2.38,VALID,1.00,LOCAL_GRADIENT_STEP,NONE
3_11,21,Small,1.02,30.00,26.82,25.81,10.95,9.79,8.77,VALID,1.00,LOCAL_GRADIENT_STEP,FALSE_LONG_SHADOW
3_11,22,Medium,6.05,30.00,26.82,20.78,15.75,14.08,8.04,VALID,1.00,LOCAL_GRADIENT_STEP,FALSE_LONG_SHADOW
3_11,23,Medium,7.92,30.00,26.82,18.90,12.80,11.44,3.52,VALID,1.00,LOCAL_GRADIENT_STEP,NONE
3_11,24,Large,12.20,2.05,1.83,10.36,0.75,0.67,11.53,VALID,1.00,LOCAL_GRADIENT_STEP,FALSE_SHORT_SHADOW
3_11,25,Medium,4.09,30.00,26.82,22.73,10.30,9.21,5.12,VALID,1.00,LOCAL_GRADIENT_STEP,FALSE_LONG_SHADOW
3_11,26,Medium,10.43,30.00,26.82,16.40,7.60,6.80,3.63,VALID,1.00,LOCAL_GRADIENT_STEP,NONE
3_11,27,Medium,10.83,16.60,14.84,4.02,5.45,4.87,5.95,VALID,1.00,LOCAL_GRADIENT_STEP,FALSE_SHORT_SHADOW
3_12,1,Medium,7.91,30.00,26.82,18.91,5.85,5.23,2.68,VALID,1.00,RELATIVE_INTENSITY_STEP,NONE
3_12,2,Large,13.19,30.00,26.82,13.64,3.95,3.53,9.65,VALID,1.00,LOCAL_GRADIENT_STEP,FALSE_SHORT_SHADOW
3_12,3,Large,14.97,30.00,26.82,11.86,9.95,8.90,6.07,VALID,1.00,LOCAL_GRADIENT_STEP,FALSE_SHORT_SHADOW
3_12,4,Medium,10.87,30.00,26.82,15.96,15.15,13.55,2.68,VALID,1.00,LOCAL_GRADIENT_STEP,NONE
3_12,5,Medium,10.84,30.00,26.82,15.98,13.70,12.25,1.41,VALID,1.00,LOCAL_GRADIENT_STEP,NONE
3_12,6,Medium,11.53,30.00,26.82,15.30,8.15,7.29,4.24,VALID,1.00,LOCAL_GRADIENT_STEP,NONE
3_12,7,Medium,5.48,30.00,26.82,21.34,7.45,6.66,1.18,VALID,1.00,RELATIVE_INTENSITY_STEP,NONE
3_12,8,Medium,7.56,30.00,26.82,19.27,6.65,5.95,1.61,VALID,1.00,LOCAL_GRADIENT_STEP,NONE
3_12,9,Medium,9.69,30.00,26.82,17.13,9.10,8.14,1.55,VALID,1.00,LOCAL_GRADIENT_STEP,NONE
3_12,10,Medium,11.42,11.30,10.10,1.31,9.80,8.76,2.65,VALID,1.00,LOCAL_GRADIENT_STEP,NONE
3_12,11,Medium,9.27,30.00,26.82,17.55,10.80,9.66,0.39,VALID,1.00,RELATIVE_INTENSITY_STEP,NONE
3_12,12,Large,12.61,30.00,26.82,14.21,12.90,11.53,1.08,VALID,1.00,LOCAL_GRADIENT_STEP,NONE
3_12,13,Small,1.73,30.00,26.82,25.09,3.20,2.86,1.13,VALID,1.00,LOCAL_GRADIENT_STEP,NONE
3_12,14,Medium,8.58,30.00,26.82,18.25,11.15,9.97,1.39,VALID,1.00,LOCAL_GRADIENT_STEP,NONE
3_12,15,Small,0.00,30.00,26.82,26.82,10.25,9.16,9.16,VALID,1.00,LOCAL_GRADIENT_STEP,FALSE_LONG_SHADOW
3_12,16,Medium,7.26,30.00,26.82,19.56,5.85,5.23,2.03,VALID,1.00,LOCAL_GRADIENT_STEP,NONE
3_12,17,Small,3.42,30.00,26.82,23.40,1.50,1.34,2.08,VALID,1.00,LOCAL_GRADIENT_STEP,NONE
3_12,18,Medium,4.62,22.85,20.43,15.81,15.10,13.50,8.88,VALID,1.00,LOCAL_GRADIENT_STEP,FALSE_LONG_SHADOW
3_12,19,Small,3.28,30.00,26.82,23.54,2.80,2.50,0.78,VALID,1.00,LOCAL_GRADIENT_STEP,NONE
3_12,20,Large,24.49,30.00,26.82,2.33,30.00,26.82,2.33,LOW CONFIDENCE,0.30,REACHED_PHYSICAL_MAX_LIMIT,NONE
3_12,21,Medium,9.97,30.00,26.82,16.85,15.20,13.59,3.62,VALID,1.00,LOCAL_GRADIENT_STEP,NONE
3_12,22,Large,16.62,30.00,26.82,10.21,14.20,12.70,3.92,VALID,1.00,LOCAL_GRADIENT_STEP,NONE
3_12,23,Large,12.47,30.00,26.82,14.35,10.95,9.79,2.68,VALID,1.00,LOCAL_GRADIENT_STEP,NONE
3_12,24,Small,0.02,30.00,26.82,26.80,10.40,9.30,9.27,VALID,1.00,LOCAL_GRADIENT_STEP,FALSE_LONG_SHADOW
3_12,25,Medium,8.15,30.00,26.82,18.68,12.45,11.13,2.99,VALID,1.00,LOCAL_GRADIENT_STEP,NONE
3_12,26,Large,15.02,30.00,26.82,11.81,13.50,12.07,2.95,VALID,1.00,LOCAL_GRADIENT_STEP,NONE
3_12,27,Small,0.00,30.00,26.82,26.82,5.25,4.69,4.69,VALID,1.00,LOCAL_GRADIENT_STEP,NONE
3_12,28,Large,15.78,29.95,26.78,11.00,9.90,8.85,6.93,VALID,1.00,LOCAL_GRADIENT_STEP,FALSE_SHORT_SHADOW
3_12,29,Small,1.49,30.00,26.82,25.33,20.05,17.93,16.44,VALID,1.00,LOCAL_GRADIENT_STEP,FALSE_LONG_SHADOW
3_12,30,Large,14.67,30.00,26.82,12.15,11.20,10.01,4.66,VALID,1.00,RELATIVE_INTENSITY_STEP,NONE
3_12,31,Medium,11.56,30.00,26.82,15.26,7.00,6.26,5.30,VALID,0.99,LOCAL_GRADIENT_STEP,FALSE_SHORT_SHADOW
3_12,32,Small,0.22,9.85,8.81,8.59,5.80,5.19,4.97,VALID,1.00,LOCAL_GRADIENT_STEP,NONE
3_12,33,Small,0.56,6.15,5.50,4.94,4.15,3.71,3.15,VALID,1.00,LOCAL_GRADIENT_STEP,NONE
3_12,34,Medium,9.99,30.00,26.82,16.83,18.10,16.18,6.19,VALID,1.00,LOCAL_GRADIENT_STEP,FALSE_LONG_SHADOW
3_12,35,Large,19.60,30.00,26.82,7.22,15.45,13.81,5.79,VALID,1.00,LOCAL_GRADIENT_STEP,FALSE_SHORT_SHADOW
3_12,36,Medium,11.16,30.00,26.82,15.66,6.20,5.54,5.62,VALID,1.00,LOCAL_GRADIENT_STEP,FALSE_SHORT_SHADOW
3_12,37,Medium,11.39,30.00,26.82,15.44,8.65,7.73,3.65,VALID,1.00,LOCAL_GRADIENT_STEP,NONE
3_12,38,Medium,11.89,30.00,26.82,14.94,23.35,20.88,8.99,VALID,1.00,LOCAL_GRADIENT_STEP,FALSE_LONG_SHADOW
3_12,39,Small,0.75,30.00,26.82,26.08,1.65,1.48,0.73,VALID,1.00,LOCAL_GRADIENT_STEP,NONE
3_12,40,Medium,8.90,30.00,26.82,17.92,13.65,12.20,3.30,VALID,1.00,LOCAL_GRADIENT_STEP,NONE
3_12,41,Small,0.00,6.40,5.72,5.72,2.35,2.10,2.10,VALID,1.00,LOCAL_GRADIENT_STEP,NONE
3_12,42,Medium,9.62,30.00,26.82,17.20,1.80,1.61,8.01,VALID,0.97,LOCAL_GRADIENT_STEP,FALSE_SHORT_SHADOW
3_12,43,Small,1.14,14.95,13.37,12.22,5.70,5.10,3.95,VALID,1.00,RELATIVE_INTENSITY_STEP,NONE
3_12,44,Large,14.12,30.00,26.82,12.70,11.70,10.46,3.66,VALID,1.00,LOCAL_GRADIENT_STEP,NONE
3_12,45,Small,2.34,30.00,26.82,24.48,12.60,11.27,8.92,VALID,1.00,LOCAL_GRADIENT_STEP,FALSE_LONG_SHADOW
3_12,46,Medium,7.01,30.00,26.82,19.82,9.60,8.58,1.58,VALID,1.00,LOCAL_GRADIENT_STEP,NONE
3_12,47,Small,1.71,29.30,26.20,24.49,2.75,2.46,0.75,VALID,1.00,LOCAL_GRADIENT_STEP,NONE
3_12,48,Small,3.92,30.00,26.82,22.90,16.50,14.75,10.83,VALID,1.00,LOCAL_GRADIENT_STEP,FALSE_LONG_SHADOW
3_12,49,Medium,6.29,29.80,26.64,20.36,1.85,1.65,4.63,VALID,1.00,LOCAL_GRADIENT_STEP,NONE
3_12,50,Large,18.27,16.40,14.66,3.61,3.70,3.31,14.97,VALID,1.00,LOCAL_GRADIENT_STEP,FALSE_SHORT_SHADOW
3_12,51,Small,0.00,30.00,26.82,26.82,1.85,1.65,1.65,VALID,1.00,LOCAL_GRADIENT_STEP,NONE
3_12,52,Medium,5.88,28.85,25.79,19.92,7.00,6.26,0.38,VALID,1.00,LOCAL_GRADIENT_STEP,NONE
3_12,53,Medium,4.12,28.00,25.03,20.92,10.35,9.25,5.14,VALID,1.00,LOCAL_GRADIENT_STEP,FALSE_LONG_SHADOW
3_12,54,Medium,7.13,21.20,18.95,11.82,6.55,5.86,1.28,VALID,1.00,LOCAL_GRADIENT_STEP,NONE
3_12,55,Medium,6.53,12.10,10.82,4.29,3.60,3.22,3.31,VALID,1.00,LOCAL_GRADIENT_STEP,NONE
3_12,56,Large,14.22,16.40,14.66,0.44,7.50,6.71,7.52,VALID,1.00,LOCAL_GRADIENT_STEP,FALSE_SHORT_SHADOW
3_12,57,Medium,5.33,2.90,2.59,2.73,2.50,2.24,3.09,VALID,1.00,LOCAL_GRADIENT_STEP,NONE
3_12,58,Small,0.00,6.35,5.68,5.68,4.75,4.25,4.25,VALID,1.00,SHADOW_SUPPORT_LOST,NONE
3_12,59,Medium,7.51,4.75,4.25,3.27,4.50,4.02,3.49,VALID,1.00,SHADOW_SUPPORT_LOST,NONE
3_13,1,Large,12.91,18.30,16.36,3.45,3.80,3.40,9.52,VALID,1.00,LOCAL_GRADIENT_STEP,FALSE_SHORT_SHADOW
3_13,2,Small,3.99,7.00,6.26,2.27,6.05,5.41,1.42,VALID,1.00,LOCAL_GRADIENT_STEP,NONE
3_13,3,Large,15.61,30.00,26.82,11.22,20.90,18.69,3.08,VALID,1.00,LOCAL_GRADIENT_STEP,NONE
3_13,4,Medium,6.02,7.55,6.75,0.73,7.55,6.75,0.73,VALID,1.00,SHADOW_SUPPORT_LOST,NONE
3_13,5,Large,13.35,13.70,12.25,1.10,8.55,7.64,5.70,VALID,1.00,LOCAL_GRADIENT_STEP,FALSE_SHORT_SHADOW
3_13,6,Medium,8.56,6.30,5.63,2.93,6.20,5.54,3.02,VALID,1.00,SHADOW_SUPPORT_LOST,NONE
3_13,7,Medium,6.92,21.90,19.58,12.66,7.95,7.11,0.18,VALID,1.00,LOCAL_GRADIENT_STEP,NONE
3_13,8,Medium,11.46,30.00,26.82,15.37,6.25,5.59,5.87,VALID,1.00,LOCAL_GRADIENT_STEP,FALSE_SHORT_SHADOW
3_13,9,Medium,7.06,25.15,22.49,15.43,8.85,7.91,0.86,VALID,1.00,LOCAL_GRADIENT_STEP,NONE
3_13,10,Medium,4.07,15.35,13.72,9.65,2.50,2.24,1.84,VALID,1.00,LOCAL_GRADIENT_STEP,NONE
3_13,11,Small,2.68,30.00,26.82,24.14,4.55,4.07,1.38,VALID,1.00,RELATIVE_INTENSITY_STEP,NONE
3_13,12,Medium,4.94,30.00,26.82,21.89,1.30,1.16,3.77,VALID,1.00,LOCAL_GRADIENT_STEP,NONE
3_13,13,Large,14.16,30.00,26.82,12.66,18.15,16.23,2.07,VALID,1.00,LOCAL_GRADIENT_STEP,NONE
3_13,14,Large,13.61,30.00,26.82,13.21,14.20,12.70,0.91,VALID,1.00,LOCAL_GRADIENT_STEP,NONE
3_13,15,Small,2.61,30.00,26.82,24.22,5.75,5.14,2.53,VALID,1.00,LOCAL_GRADIENT_STEP,NONE
3_13,16,Large,12.08,23.25,20.79,8.71,5.45,4.87,7.20,VALID,1.00,LOCAL_GRADIENT_STEP,FALSE_SHORT_SHADOW
3_13,17,Medium,8.57,30.00,26.82,18.25,11.60,10.37,1.80,VALID,1.00,LOCAL_GRADIENT_STEP,NONE
3_13,18,Medium,4.01,30.00,26.82,22.82,9.00,8.05,4.04,VALID,1.00,LOCAL_GRADIENT_STEP,NONE
3_13,19,Large,14.11,24.75,22.13,8.02,8.90,7.96,6.16,VALID,1.00,RELATIVE_INTENSITY_STEP,FALSE_SHORT_SHADOW
3_13,20,Large,16.69,0.00,0.00,16.69,0.00,N/A,N/A,REJECTED,0.00,NO_BUILDING_SHADOW_CONTACT,NO_VALID_SHADOW
3_13,21,Small,3.72,30.00,26.82,23.10,6.90,6.17,2.45,VALID,1.00,LOCAL_GRADIENT_STEP,NONE
3_13,22,Large,14.76,30.00,26.82,12.06,23.65,21.15,6.39,VALID,1.00,LOCAL_GRADIENT_STEP,FALSE_LONG_SHADOW
3_13,23,Large,13.69,18.05,16.14,2.45,5.55,4.96,8.73,VALID,1.00,RELATIVE_INTENSITY_STEP,FALSE_SHORT_SHADOW
3_13,24,Medium,6.98,30.00,26.82,19.85,7.20,6.44,0.54,VALID,1.00,LOCAL_GRADIENT_STEP,NONE
3_13,25,Large,15.84,30.00,26.82,10.99,15.40,13.77,2.07,VALID,1.00,LOCAL_GRADIENT_STEP,NONE
3_13,26,Large,16.06,6.55,5.86,10.20,2.00,1.79,14.27,VALID,0.97,LOCAL_GRADIENT_STEP,FALSE_SHORT_SHADOW
3_13,27,Small,3.38,16.30,14.57,11.19,6.45,5.77,2.38,VALID,1.00,LOCAL_GRADIENT_STEP,NONE
3_13,28,Small,2.80,9.75,8.72,5.92,3.15,2.82,0.02,VALID,1.00,LOCAL_GRADIENT_STEP,NONE
3_13,29,Medium,11.60,30.00,26.82,15.22,10.15,9.08,2.53,VALID,1.00,LOCAL_GRADIENT_STEP,NONE
3_13,30,Large,13.30,28.60,25.57,12.27,6.85,6.12,7.18,VALID,1.00,LOCAL_GRADIENT_STEP,FALSE_SHORT_SHADOW
3_13,31,Large,15.06,14.05,12.56,2.49,14.05,12.56,2.49,VALID,1.00,SHADOW_SUPPORT_LOST,NONE
3_13,32,Large,12.31,30.00,26.82,14.51,9.85,8.81,3.50,VALID,1.00,LOCAL_GRADIENT_STEP,NONE
3_13,33,Medium,7.88,25.40,22.71,14.83,4.45,3.98,3.90,VALID,1.00,RELATIVE_INTENSITY_STEP,NONE
3_13,34,Small,2.97,30.00,26.82,23.85,12.30,11.00,8.02,VALID,1.00,LOCAL_GRADIENT_STEP,FALSE_LONG_SHADOW
3_13,35,Small,2.42,27.05,24.19,21.77,7.60,6.80,4.38,VALID,1.00,LOCAL_GRADIENT_STEP,NONE
3_13,36,Medium,6.23,30.00,26.82,20.60,7.15,6.39,0.17,VALID,1.00,LOCAL_GRADIENT_STEP,NONE
3_13,37,Large,13.57,30.00,26.82,13.25,14.00,12.52,1.06,VALID,1.00,LOCAL_GRADIENT_STEP,NONE
3_13,38,Large,13.70,30.00,26.82,13.12,20.25,18.11,4.40,VALID,1.00,SHADOW_SUPPORT_LOST,NONE
3_13,39,Large,17.91,30.00,26.82,8.91,18.00,16.09,1.82,VALID,1.00,LOCAL_GRADIENT_STEP,NONE
3_13,40,Medium,9.12,30.00,26.82,17.70,7.05,6.30,2.82,VALID,1.00,LOCAL_GRADIENT_STEP,NONE
3_13,41,Medium,11.43,30.00,26.82,15.39,9.35,8.36,3.07,VALID,1.00,RELATIVE_INTENSITY_STEP,NONE
3_13,42,Large,15.45,30.00,26.82,11.37,22.15,19.80,4.35,VALID,1.00,LOCAL_GRADIENT_STEP,NONE
3_13,43,Small,2.78,30.00,26.82,24.04,4.20,3.76,0.98,VALID,1.00,LOCAL_GRADIENT_STEP,NONE
3_13,44,Large,12.71,30.00,26.82,14.11,10.25,9.16,3.55,VALID,1.00,LOCAL_GRADIENT_STEP,NONE
3_13,45,Large,13.88,30.00,26.82,12.94,20.75,18.55,4.67,VALID,1.00,RELATIVE_INTENSITY_STEP,NONE
3_13,46,Small,3.09,12.45,11.13,8.05,4.85,4.34,1.25,VALID,1.00,LOCAL_GRADIENT_STEP,NONE
3_13,47,Large,14.34,30.00,26.82,12.49,13.75,12.29,2.04,VALID,1.00,LOCAL_GRADIENT_STEP,NONE
3_13,48,Large,14.22,30.00,26.82,12.60,8.75,7.82,6.40,VALID,1.00,LOCAL_GRADIENT_STEP,FALSE_SHORT_SHADOW
3_13,49,Medium,9.02,30.00,26.82,17.80,10.95,9.79,0.77,VALID,0.99,LOCAL_GRADIENT_STEP,NONE
3_13,50,Large,15.63,30.00,26.82,11.19,17.00,15.20,0.43,VALID,1.00,LOCAL_GRADIENT_STEP,NONE
3_13,51,Small,2.26,25.85,23.11,20.85,7.80,6.97,4.71,VALID,1.00,RELATIVE_INTENSITY_STEP,NONE
3_13,52,Small,2.15,30.00,26.82,24.67,16.30,14.57,12.42,VALID,1.00,RELATIVE_INTENSITY_STEP,FALSE_LONG_SHADOW
3_13,53,Large,12.48,27.70,24.77,12.29,9.25,8.27,4.21,VALID,1.00,LOCAL_GRADIENT_STEP,NONE
3_13,54,Medium,10.64,30.00,26.82,16.18,7.40,6.62,4.03,VALID,1.00,LOCAL_GRADIENT_STEP,NONE
3_13,55,Medium,9.36,30.00,26.82,17.46,14.40,12.88,3.52,VALID,1.00,LOCAL_GRADIENT_STEP,NONE
3_13,56,Medium,8.74,30.00,26.82,18.08,11.55,10.33,1.58,VALID,1.00,RELATIVE_INTENSITY_STEP,NONE
3_13,57,Medium,10.06,30.00,26.82,16.77,11.15,9.97,0.09,VALID,1.00,LOCAL_GRADIENT_STEP,NONE
3_13,58,Medium,9.86,29.90,26.73,16.87,6.70,5.99,3.87,VALID,1.00,RELATIVE_INTENSITY_STEP,NONE
3_13,59,Large,15.88,30.00,26.82,10.94,11.90,10.64,5.24,VALID,1.00,LOCAL_GRADIENT_STEP,FALSE_SHORT_SHADOW
3_13,60,Medium,5.30,20.45,18.28,12.98,6.45,5.77,0.47,VALID,1.00,LOCAL_GRADIENT_STEP,NONE
3_13,61,Medium,4.34,17.30,15.47,11.13,7.75,6.93,2.59,VALID,1.00,LOCAL_GRADIENT_STEP,NONE
3_13,62,Medium,11.31,30.00,26.82,15.51,7.20,6.44,4.88,VALID,1.00,RELATIVE_INTENSITY_STEP,NONE
3_13,63,Medium,10.63,24.05,21.50,10.88,6.10,5.45,5.17,VALID,1.00,LOCAL_GRADIENT_STEP,FALSE_SHORT_SHADOW
3_13,64,Small,2.31,28.50,25.48,23.17,1.95,1.74,0.57,VALID,1.00,LOCAL_GRADIENT_STEP,NONE
3_13,65,Small,2.14,20.95,18.73,16.59,3.65,3.26,1.12,VALID,1.00,LOCAL_GRADIENT_STEP,NONE
3_13,66,Medium,4.27,14.05,12.56,8.29,7.20,6.44,2.17,VALID,1.00,LOCAL_GRADIENT_STEP,NONE
3_13,67,Small,3.13,30.00,26.82,23.69,4.25,3.80,0.67,VALID,1.00,LOCAL_GRADIENT_STEP,NONE
3_13,68,Large,15.76,30.00,26.82,11.06,14.25,12.74,3.02,VALID,1.00,LOCAL_GRADIENT_STEP,NONE
3_13,69,Large,15.75,30.00,26.82,11.07,21.00,18.78,3.03,VALID,1.00,LOCAL_GRADIENT_STEP,NONE
3_13,70,Large,13.62,23.80,21.28,7.66,3.40,3.04,10.58,VALID,1.00,LOCAL_GRADIENT_STEP,FALSE_SHORT_SHADOW
3_13,71,Medium,11.35,10.55,9.43,1.92,4.75,4.25,7.10,VALID,1.00,LOCAL_GRADIENT_STEP,FALSE_SHORT_SHADOW
3_13,72,Large,16.71,30.00,26.82,10.12,7.15,6.39,10.32,VALID,1.00,RELATIVE_INTENSITY_STEP,FALSE_SHORT_SHADOW
3_13,73,Large,14.70,18.10,16.18,1.49,7.60,6.80,7.90,VALID,1.00,LOCAL_GRADIENT_STEP,FALSE_SHORT_SHADOW
3_13,74,Large,14.66,27.75,24.81,10.15,4.45,3.98,10.68,VALID,1.00,RELATIVE_INTENSITY_STEP,FALSE_SHORT_SHADOW
3_13,75,Medium,5.23,7.10,6.35,1.12,4.15,3.71,1.52,VALID,1.00,LOCAL_GRADIENT_STEP,NONE
3_13,76,Small,1.77,4.50,4.02,2.26,1.50,1.34,0.43,VALID,1.00,LOCAL_GRADIENT_STEP,NONE
3_14,1,Large,13.59,30.00,26.82,13.24,10.30,9.21,4.38,VALID,0.99,LOCAL_GRADIENT_STEP,NONE
3_14,2,Large,15.53,30.00,26.82,11.29,20.90,18.69,3.15,VALID,1.00,LOCAL_GRADIENT_STEP,NONE
3_14,3,Large,14.77,30.00,26.82,12.05,17.35,15.51,0.74,VALID,1.00,LOCAL_GRADIENT_STEP,NONE
3_14,4,Small,3.41,30.00,26.82,23.42,4.60,4.11,0.71,VALID,1.00,LOCAL_GRADIENT_STEP,NONE
3_14,5,Large,14.51,30.00,26.82,12.31,5.90,5.28,9.24,VALID,1.00,LOCAL_GRADIENT_STEP,FALSE_SHORT_SHADOW
3_14,6,Large,13.13,22.60,20.21,7.08,11.15,9.97,3.16,VALID,1.00,LOCAL_GRADIENT_STEP,NONE
3_14,7,Large,15.96,30.00,26.82,10.87,8.50,7.60,8.36,VALID,1.00,LOCAL_GRADIENT_STEP,FALSE_SHORT_SHADOW
3_14,8,Medium,4.12,27.70,24.77,20.64,10.35,9.25,5.13,VALID,1.00,LOCAL_GRADIENT_STEP,FALSE_LONG_SHADOW
3_14,9,Large,16.53,30.00,26.82,10.30,10.40,9.30,7.23,VALID,1.00,LOCAL_GRADIENT_STEP,FALSE_SHORT_SHADOW
3_14,10,Large,16.62,30.00,26.82,10.20,10.35,9.25,7.37,VALID,1.00,LOCAL_GRADIENT_STEP,FALSE_SHORT_SHADOW
3_14,11,Large,17.54,30.00,26.82,9.28,11.50,10.28,7.26,VALID,1.00,LOCAL_GRADIENT_STEP,FALSE_SHORT_SHADOW
3_14,12,Medium,4.37,30.00,26.82,22.45,1.15,1.03,3.35,VALID,1.00,LOCAL_GRADIENT_STEP,NONE
3_14,13,Small,3.45,30.00,26.82,23.37,11.50,10.28,6.83,VALID,1.00,LOCAL_GRADIENT_STEP,FALSE_LONG_SHADOW
3_14,14,Medium,9.22,30.00,26.82,17.61,11.15,9.97,0.75,VALID,1.00,LOCAL_GRADIENT_STEP,NONE
3_14,15,Medium,10.73,30.00,26.82,16.09,7.30,6.53,4.21,VALID,1.00,RELATIVE_INTENSITY_STEP,NONE
3_14,16,Small,3.40,30.00,26.82,23.42,5.05,4.52,1.12,VALID,1.00,RELATIVE_INTENSITY_STEP,NONE
3_14,17,Medium,8.46,30.00,26.82,18.36,10.60,9.48,1.01,VALID,1.00,LOCAL_GRADIENT_STEP,NONE
3_14,18,Large,15.04,30.00,26.82,11.79,4.40,3.93,11.10,VALID,1.00,LOCAL_GRADIENT_STEP,FALSE_SHORT_SHADOW
3_14,19,Medium,8.83,30.00,26.82,18.00,20.25,18.11,9.28,VALID,1.00,RELATIVE_INTENSITY_STEP,FALSE_LONG_SHADOW
3_14,20,Small,3.34,30.00,26.82,23.49,1.95,1.74,1.59,VALID,1.00,LOCAL_GRADIENT_STEP,NONE
3_14,21,Medium,8.24,23.10,20.65,12.41,19.30,17.26,9.01,VALID,1.00,LOCAL_GRADIENT_STEP,FALSE_LONG_SHADOW
3_14,22,Large,14.61,30.00,26.82,12.21,11.70,10.46,4.15,VALID,1.00,LOCAL_GRADIENT_STEP,NONE
3_14,23,Large,14.63,27.70,24.77,10.14,7.95,7.11,7.52,VALID,1.00,RELATIVE_INTENSITY_STEP,FALSE_SHORT_SHADOW
3_14,24,Large,13.08,27.30,24.41,11.33,6.10,5.45,7.62,VALID,1.00,LOCAL_GRADIENT_STEP,FALSE_SHORT_SHADOW
3_14,25,Medium,5.77,28.20,25.21,19.45,4.10,3.67,2.10,VALID,1.00,LOCAL_GRADIENT_STEP,NONE
3_14,26,Large,14.14,30.00,26.82,12.68,6.90,6.17,7.97,VALID,1.00,RELATIVE_INTENSITY_STEP,FALSE_SHORT_SHADOW
3_14,27,Large,14.87,24.85,22.22,7.35,11.90,10.64,4.23,VALID,1.00,RELATIVE_INTENSITY_STEP,NONE
3_14,28,Small,3.00,13.70,12.25,9.25,6.65,5.95,2.94,VALID,1.00,LOCAL_GRADIENT_STEP,NONE
3_14,29,Large,15.59,30.00,26.82,11.23,10.45,9.34,6.25,VALID,1.00,LOCAL_GRADIENT_STEP,FALSE_SHORT_SHADOW
3_14,30,Large,19.63,30.00,26.82,7.19,10.50,9.39,10.24,VALID,1.00,RELATIVE_INTENSITY_STEP,FALSE_SHORT_SHADOW
3_14,31,Large,14.75,30.00,26.82,12.07,10.65,9.52,5.23,VALID,1.00,LOCAL_GRADIENT_STEP,FALSE_SHORT_SHADOW
3_14,32,Medium,8.62,15.00,13.41,4.79,1.95,1.74,6.88,VALID,1.00,LOCAL_GRADIENT_STEP,FALSE_SHORT_SHADOW
3_14,33,Small,2.82,30.00,26.82,24.00,3.40,3.04,0.22,VALID,1.00,LOCAL_GRADIENT_STEP,NONE
3_14,34,Small,2.65,30.00,26.82,24.17,5.95,5.32,2.67,VALID,1.00,LOCAL_GRADIENT_STEP,NONE
3_14,35,Medium,9.20,30.00,26.82,17.63,6.40,5.72,3.47,VALID,1.00,LOCAL_GRADIENT_STEP,NONE
3_14,36,Large,13.76,16.60,14.84,1.09,3.75,3.35,10.40,VALID,1.00,LOCAL_GRADIENT_STEP,FALSE_SHORT_SHADOW
3_14,37,Medium,6.03,30.00,26.82,20.79,5.25,4.69,1.34,VALID,1.00,LOCAL_GRADIENT_STEP,NONE
3_14,38,Small,3.35,30.00,26.82,23.47,1.45,1.30,2.06,VALID,1.00,LOCAL_GRADIENT_STEP,NONE
3_14,39,Small,2.19,29.40,26.29,24.10,4.45,3.98,1.79,VALID,1.00,LOCAL_GRADIENT_STEP,NONE
3_14,40,Large,12.29,30.00,26.82,14.54,7.35,6.57,5.72,VALID,1.00,RELATIVE_INTENSITY_STEP,FALSE_SHORT_SHADOW
3_14,41,Small,3.65,26.60,23.78,20.13,7.30,6.53,2.87,VALID,1.00,RELATIVE_INTENSITY_STEP,NONE
3_14,42,Medium,11.73,29.55,26.42,14.69,10.65,9.52,2.21,VALID,1.00,LOCAL_GRADIENT_STEP,NONE
3_14,43,Small,0.66,15.65,13.99,13.33,8.75,7.82,7.16,VALID,1.00,LOCAL_GRADIENT_STEP,FALSE_LONG_SHADOW
3_14,44,Medium,9.56,30.00,26.82,17.26,25.80,23.07,13.51,VALID,1.00,LOCAL_GRADIENT_STEP,FALSE_LONG_SHADOW
3_14,45,Small,1.59,20.95,18.73,17.14,16.00,14.31,12.72,VALID,1.00,LOCAL_GRADIENT_STEP,FALSE_LONG_SHADOW
3_14,46,Large,12.12,30.00,26.82,14.71,10.15,9.08,3.04,VALID,1.00,LOCAL_GRADIENT_STEP,NONE
3_14,47,Medium,8.89,25.00,22.35,13.46,5.30,4.74,4.15,VALID,0.99,LOCAL_GRADIENT_STEP,NONE
3_14,48,Large,13.42,29.75,26.60,13.18,10.20,9.12,4.30,VALID,1.00,RELATIVE_INTENSITY_STEP,NONE
3_14,49,Medium,6.72,3.75,3.35,3.37,3.25,2.91,3.81,VALID,1.00,LOCAL_GRADIENT_STEP,NONE
3_14,50,Medium,9.52,22.90,20.47,10.96,4.15,3.71,5.81,VALID,1.00,LOCAL_GRADIENT_STEP,FALSE_SHORT_SHADOW
3_14,51,Medium,4.15,24.00,21.46,17.31,0.20,N/A,N/A,REJECTED,0.00,LOCAL_GRADIENT_STEP,NO_VALID_SHADOW
3_14,52,Large,12.51,11.25,10.06,2.45,4.35,3.89,8.62,VALID,1.00,LOCAL_GRADIENT_STEP,FALSE_SHORT_SHADOW
3_14,53,Medium,8.26,30.00,26.82,18.56,21.20,18.95,10.70,VALID,1.00,LOCAL_GRADIENT_STEP,FALSE_LONG_SHADOW
3_14,54,Large,14.49,25.30,22.62,8.13,14.05,12.56,1.93,VALID,1.00,LOCAL_GRADIENT_STEP,NONE
3_14,55,Large,16.52,21.45,19.18,2.66,14.35,12.83,3.69,VALID,1.00,LOCAL_GRADIENT_STEP,NONE
3_14,56,Medium,7.73,30.00,26.82,19.09,12.05,10.77,3.04,VALID,1.00,LOCAL_GRADIENT_STEP,NONE
3_14,57,Large,12.53,18.35,16.41,3.87,8.70,7.78,4.76,VALID,1.00,LOCAL_GRADIENT_STEP,NONE
3_14,58,Large,16.22,8.10,7.24,8.98,4.25,3.80,12.42,VALID,0.99,SHADOW_SUPPORT_LOST,FALSE_SHORT_SHADOW
3_14,59,Medium,6.56,11.65,10.42,3.86,2.95,2.64,3.92,VALID,1.00,SHADOW_SUPPORT_LOST,NONE
3_14,60,Medium,10.85,10.25,9.16,1.69,6.95,6.21,4.64,VALID,1.00,LOCAL_GRADIENT_STEP,NONE
3_14,61,Small,1.81,1.10,0.98,0.83,0.65,0.58,1.23,VALID,1.00,SHADOW_SUPPORT_LOST,NONE
3_14,62,Small,1.56,0.55,0.49,1.06,0.25,N/A,N/A,REJECTED,0.00,RELATIVE_INTENSITY_STEP,NO_VALID_SHADOW
4_10,1,Medium,11.61,18.00,16.09,4.49,11.90,10.64,0.97,VALID,1.00,LOCAL_GRADIENT_STEP,NONE
4_10,2,Large,18.26,30.00,26.82,8.56,29.40,26.29,8.02,VALID,1.00,LOCAL_GRADIENT_STEP,FALSE_LONG_SHADOW
4_10,3,Large,17.80,30.00,26.82,9.02,9.75,8.72,9.09,VALID,0.99,LOCAL_GRADIENT_STEP,FALSE_SHORT_SHADOW
4_10,4,Large,15.48,27.00,24.14,8.66,4.80,4.29,11.19,VALID,1.00,LOCAL_GRADIENT_STEP,FALSE_SHORT_SHADOW
4_10,5,Small,3.31,13.20,11.80,8.49,4.95,4.43,1.11,VALID,0.99,RELATIVE_INTENSITY_STEP,NONE
4_10,6,Small,3.85,7.00,6.26,2.41,5.05,4.52,0.67,VALID,0.99,LOCAL_GRADIENT_STEP,NONE
4_10,7,Medium,4.97,4.20,3.76,1.22,3.45,3.08,1.89,VALID,1.00,SHADOW_SUPPORT_LOST,NONE
4_10,8,Large,12.07,30.00,26.82,14.75,13.85,12.38,0.31,VALID,1.00,LOCAL_GRADIENT_STEP,NONE
4_10,9,Small,2.59,22.65,20.25,17.67,7.65,6.84,4.25,VALID,1.00,LOCAL_GRADIENT_STEP,NONE
4_10,10,Medium,5.61,27.25,24.36,18.75,6.00,5.36,0.25,VALID,1.00,LOCAL_GRADIENT_STEP,NONE
4_10,11,Small,1.70,19.95,17.84,16.13,7.10,6.35,4.64,VALID,1.00,LOCAL_GRADIENT_STEP,NONE
4_10,12,Small,3.16,18.55,16.59,13.43,9.25,8.27,5.11,VALID,1.00,LOCAL_GRADIENT_STEP,FALSE_LONG_SHADOW
4_10,13,Small,3.91,14.10,12.61,8.69,2.90,2.59,1.32,VALID,1.00,LOCAL_GRADIENT_STEP,NONE
4_10,14,Large,12.55,30.00,26.82,14.28,6.95,6.21,6.33,VALID,1.00,LOCAL_GRADIENT_STEP,FALSE_SHORT_SHADOW
4_10,15,Large,15.69,30.00,26.82,11.14,3.85,3.44,12.24,VALID,1.00,LOCAL_GRADIENT_STEP,FALSE_SHORT_SHADOW
4_10,16,Medium,9.60,15.85,14.17,4.58,7.20,6.44,3.16,VALID,1.00,LOCAL_GRADIENT_STEP,NONE
4_10,17,Large,13.41,30.00,26.82,13.41,13.85,12.38,1.03,VALID,1.00,LOCAL_GRADIENT_STEP,NONE
4_10,18,Large,16.80,30.00,26.82,10.03,14.20,12.70,4.10,VALID,1.00,LOCAL_GRADIENT_STEP,NONE
4_10,19,Large,21.41,30.00,26.82,5.42,6.15,5.50,15.91,VALID,1.00,LOCAL_GRADIENT_STEP,FALSE_SHORT_SHADOW
4_10,20,Medium,9.37,30.00,26.82,17.45,3.95,3.53,5.84,VALID,1.00,LOCAL_GRADIENT_STEP,FALSE_SHORT_SHADOW
4_10,21,Medium,9.97,30.00,26.82,16.85,4.95,4.43,5.55,VALID,1.00,LOCAL_GRADIENT_STEP,FALSE_SHORT_SHADOW
4_10,22,Medium,9.35,12.40,11.09,1.74,6.45,5.77,3.58,VALID,1.00,LOCAL_GRADIENT_STEP,NONE
4_10,23,Medium,10.68,30.00,26.82,16.15,5.40,4.83,5.85,VALID,1.00,LOCAL_GRADIENT_STEP,FALSE_SHORT_SHADOW
4_10,24,Medium,4.79,17.60,15.74,10.95,2.85,2.55,2.24,VALID,1.00,LOCAL_GRADIENT_STEP,NONE
4_10,25,Large,14.60,30.00,26.82,12.22,8.35,7.47,7.14,VALID,1.00,LOCAL_GRADIENT_STEP,FALSE_SHORT_SHADOW
4_10,26,Small,0.00,10.10,9.03,9.03,3.05,2.73,2.73,VALID,1.00,RELATIVE_INTENSITY_STEP,NONE
4_10,27,Large,14.32,30.00,26.82,12.51,5.55,4.96,9.36,VALID,1.00,LOCAL_GRADIENT_STEP,FALSE_SHORT_SHADOW
4_10,28,Medium,6.15,6.00,5.36,0.79,4.55,4.07,2.08,VALID,1.00,LOCAL_GRADIENT_STEP,NONE
4_10,29,Medium,4.08,28.15,25.17,21.08,7.45,6.66,2.58,VALID,1.00,LOCAL_GRADIENT_STEP,NONE
4_10,30,Medium,6.03,9.30,8.32,2.29,6.65,5.95,0.08,VALID,1.00,LOCAL_GRADIENT_STEP,NONE
4_10,31,Large,22.11,30.00,26.82,4.71,8.45,7.56,14.55,VALID,1.00,LOCAL_GRADIENT_STEP,FALSE_SHORT_SHADOW
4_10,32,Large,16.58,30.00,26.82,10.24,11.75,10.51,6.07,VALID,1.00,LOCAL_GRADIENT_STEP,FALSE_SHORT_SHADOW
4_10,33,Large,22.22,30.00,26.82,4.61,6.05,5.41,16.81,VALID,1.00,LOCAL_GRADIENT_STEP,FALSE_SHORT_SHADOW
4_10,34,Medium,5.40,27.15,24.27,18.87,13.75,12.29,6.89,VALID,1.00,LOCAL_GRADIENT_STEP,FALSE_LONG_SHADOW
4_10,35,Large,13.99,30.00,26.82,12.83,7.45,6.66,7.33,VALID,1.00,LOCAL_GRADIENT_STEP,FALSE_SHORT_SHADOW
4_10,36,Medium,4.52,30.00,26.82,22.30,6.00,5.36,0.85,VALID,1.00,LOCAL_GRADIENT_STEP,NONE
4_10,37,Large,19.99,30.00,26.82,6.83,10.60,9.48,10.51,VALID,1.00,LOCAL_GRADIENT_STEP,FALSE_SHORT_SHADOW
4_10,38,Medium,5.50,30.00,26.82,21.32,11.45,10.24,4.74,VALID,1.00,LOCAL_GRADIENT_STEP,NONE
4_10,39,Small,0.00,4.35,3.89,3.89,4.35,3.89,3.89,VALID,1.00,SHADOW_SUPPORT_LOST,NONE
4_10,40,Small,2.98,30.00,26.82,23.84,6.70,5.99,3.01,VALID,1.00,LOCAL_GRADIENT_STEP,NONE
4_10,41,Medium,8.68,30.00,26.82,18.15,11.90,10.64,1.96,VALID,1.00,LOCAL_GRADIENT_STEP,NONE
4_10,42,Large,16.57,29.65,26.51,9.94,8.35,7.47,9.11,VALID,1.00,LOCAL_GRADIENT_STEP,FALSE_SHORT_SHADOW
4_10,43,Small,0.00,25.15,22.49,22.49,7.75,6.93,6.93,VALID,1.00,LOCAL_GRADIENT_STEP,FALSE_LONG_SHADOW
4_10,44,Small,0.00,16.05,14.35,14.35,2.90,2.59,2.59,VALID,1.00,LOCAL_GRADIENT_STEP,NONE
4_10,45,Small,0.00,3.10,2.77,2.77,1.55,1.39,1.39,VALID,1.00,LOCAL_GRADIENT_STEP,NONE
4_10,46,Small,0.01,30.00,26.82,26.82,9.40,8.40,8.40,VALID,1.00,LOCAL_GRADIENT_STEP,FALSE_LONG_SHADOW
4_10,47,Small,3.61,30.00,26.82,23.21,13.45,12.03,8.42,VALID,1.00,LOCAL_GRADIENT_STEP,FALSE_LONG_SHADOW
4_10,48,Small,0.74,30.00,26.82,26.09,9.95,8.90,8.16,VALID,1.00,RELATIVE_INTENSITY_STEP,FALSE_LONG_SHADOW
4_10,49,Small,0.00,3.55,3.17,3.17,3.15,2.82,2.82,VALID,1.00,LOCAL_GRADIENT_STEP,NONE
4_10,50,Small,3.31,30.00,26.82,23.52,10.60,9.48,6.17,VALID,1.00,LOCAL_GRADIENT_STEP,FALSE_LONG_SHADOW
4_10,51,Small,0.00,17.50,15.65,15.65,5.75,5.14,5.14,VALID,1.00,LOCAL_GRADIENT_STEP,FALSE_LONG_SHADOW
4_10,52,Small,2.72,25.25,22.58,19.86,5.25,4.69,1.98,VALID,1.00,LOCAL_GRADIENT_STEP,NONE
4_10,53,Medium,4.08,30.00,26.82,22.75,4.75,4.25,0.17,VALID,1.00,LOCAL_GRADIENT_STEP,NONE
4_10,54,Medium,4.98,30.00,26.82,21.84,9.40,8.40,3.42,VALID,1.00,LOCAL_GRADIENT_STEP,NONE
4_10,55,Medium,4.78,30.00,26.82,22.04,10.80,9.66,4.87,VALID,1.00,RELATIVE_INTENSITY_STEP,NONE
4_10,56,Small,0.00,11.70,10.46,10.46,5.40,4.83,4.83,VALID,1.00,LOCAL_GRADIENT_STEP,NONE
4_10,57,Small,2.22,25.50,22.80,20.58,12.05,10.77,8.56,VALID,1.00,LOCAL_GRADIENT_STEP,FALSE_LONG_SHADOW
4_10,58,Small,0.00,14.05,12.56,12.56,13.05,11.67,11.67,VALID,1.00,LOCAL_GRADIENT_STEP,FALSE_LONG_SHADOW
4_10,59,Small,2.44,30.00,26.82,24.38,19.95,17.84,15.40,VALID,1.00,LOCAL_GRADIENT_STEP,FALSE_LONG_SHADOW
4_10,60,Small,0.00,29.05,25.97,25.97,8.10,7.24,7.24,VALID,1.00,LOCAL_GRADIENT_STEP,FALSE_LONG_SHADOW
4_10,61,Small,0.00,25.40,22.71,22.71,10.10,9.03,9.03,VALID,1.00,RELATIVE_INTENSITY_STEP,FALSE_LONG_SHADOW
4_10,62,Small,2.37,30.00,26.82,24.45,6.80,6.08,3.71,VALID,1.00,LOCAL_GRADIENT_STEP,NONE
4_10,63,Medium,4.10,30.00,26.82,22.72,9.65,8.63,4.52,VALID,1.00,LOCAL_GRADIENT_STEP,NONE
4_10,64,Small,0.00,30.00,26.82,26.82,9.55,8.54,8.54,VALID,1.00,RELATIVE_INTENSITY_STEP,FALSE_LONG_SHADOW
4_10,65,Small,0.00,30.00,26.82,26.82,5.20,4.65,4.65,VALID,1.00,RELATIVE_INTENSITY_STEP,NONE
4_10,66,Small,0.00,30.00,26.82,26.82,3.30,2.95,2.95,VALID,1.00,LOCAL_GRADIENT_STEP,NONE
4_10,67,Small,0.00,27.75,24.81,24.81,12.10,10.82,10.82,VALID,1.00,LOCAL_GRADIENT_STEP,FALSE_LONG_SHADOW
4_10,68,Small,0.00,30.00,26.82,26.82,2.90,2.59,2.59,VALID,1.00,LOCAL_GRADIENT_STEP,NONE
4_10,69,Small,1.91,30.00,26.82,24.92,8.70,7.78,5.87,VALID,1.00,LOCAL_GRADIENT_STEP,FALSE_LONG_SHADOW
4_10,70,Small,0.00,19.15,17.12,17.12,12.85,11.49,11.49,VALID,1.00,LOCAL_GRADIENT_STEP,FALSE_LONG_SHADOW
4_10,71,Small,0.00,30.00,26.82,26.82,9.85,8.81,8.81,VALID,1.00,LOCAL_GRADIENT_STEP,FALSE_LONG_SHADOW
4_10,72,Small,0.00,16.20,14.48,14.48,8.15,7.29,7.29,VALID,1.00,RELATIVE_INTENSITY_STEP,FALSE_LONG_SHADOW
4_10,73,Small,0.00,30.00,26.82,26.82,19.00,16.99,16.99,VALID,1.00,LOCAL_GRADIENT_STEP,FALSE_LONG_SHADOW
4_10,74,Small,0.00,30.00,26.82,26.82,6.70,5.99,5.99,VALID,1.00,LOCAL_GRADIENT_STEP,FALSE_LONG_SHADOW
4_10,75,Small,0.00,26.75,23.92,23.92,9.65,8.63,8.63,VALID,1.00,LOCAL_GRADIENT_STEP,FALSE_LONG_SHADOW
4_10,76,Small,0.00,30.00,26.82,26.82,8.20,7.33,7.33,VALID,1.00,LOCAL_GRADIENT_STEP,FALSE_LONG_SHADOW
4_10,77,Small,0.00,14.00,12.52,12.52,1.00,0.89,0.89,VALID,1.00,LOCAL_GRADIENT_STEP,NONE
4_10,78,Small,0.00,30.00,26.82,26.82,6.70,5.99,5.99,VALID,1.00,LOCAL_GRADIENT_STEP,FALSE_LONG_SHADOW
4_11,1,Large,14.88,30.00,26.82,11.94,10.05,8.99,5.90,VALID,1.00,SHADOW_SUPPORT_LOST,FALSE_SHORT_SHADOW
4_11,2,Medium,11.67,8.05,7.20,4.47,2.40,2.15,9.52,VALID,1.00,RELATIVE_INTENSITY_STEP,FALSE_SHORT_SHADOW
4_11,3,Large,14.93,16.70,14.93,0.00,5.90,5.28,9.65,VALID,1.00,RELATIVE_INTENSITY_STEP,FALSE_SHORT_SHADOW
4_11,4,Medium,7.44,1.25,1.12,6.32,0.70,0.63,6.81,VALID,1.00,LOCAL_GRADIENT_STEP,FALSE_SHORT_SHADOW
4_11,5,Large,18.63,15.70,14.04,4.60,13.00,11.62,7.01,VALID,1.00,LOCAL_GRADIENT_STEP,FALSE_SHORT_SHADOW
4_11,6,Medium,9.79,30.00,26.82,17.03,11.85,10.60,0.80,VALID,1.00,LOCAL_GRADIENT_STEP,NONE
4_11,7,Large,15.48,21.75,19.45,3.97,6.20,5.54,9.93,VALID,1.00,LOCAL_GRADIENT_STEP,FALSE_SHORT_SHADOW
4_11,8,Large,14.74,15.80,14.13,0.61,2.10,1.88,12.86,VALID,1.00,LOCAL_GRADIENT_STEP,FALSE_SHORT_SHADOW
4_11,9,Medium,9.33,19.25,17.21,7.88,5.25,4.69,4.64,VALID,1.00,LOCAL_GRADIENT_STEP,NONE
4_11,10,Medium,4.82,13.75,12.29,7.48,9.20,8.23,3.41,VALID,1.00,LOCAL_GRADIENT_STEP,NONE
4_11,11,Small,3.03,30.00,26.82,23.79,0.85,0.76,2.27,VALID,1.00,LOCAL_GRADIENT_STEP,NONE
4_11,12,Medium,4.26,30.00,26.82,22.57,14.85,13.28,9.02,VALID,1.00,LOCAL_GRADIENT_STEP,FALSE_LONG_SHADOW
4_11,13,Medium,7.78,11.70,10.46,2.68,8.10,7.24,0.54,VALID,1.00,LOCAL_GRADIENT_STEP,NONE
4_11,14,Small,2.29,30.00,26.82,24.53,6.25,5.59,3.30,VALID,1.00,LOCAL_GRADIENT_STEP,NONE
4_11,15,Medium,5.75,14.05,12.56,6.82,5.45,4.87,0.87,VALID,1.00,LOCAL_GRADIENT_STEP,NONE
4_11,16,Medium,8.54,27.00,24.14,15.60,11.50,10.28,1.74,VALID,1.00,LOCAL_GRADIENT_STEP,NONE
4_11,17,Medium,4.54,30.00,26.82,22.28,7.10,6.35,1.81,VALID,1.00,LOCAL_GRADIENT_STEP,NONE
4_11,18,Medium,7.28,30.00,26.82,19.54,4.40,3.93,3.35,VALID,1.00,RELATIVE_INTENSITY_STEP,NONE
4_11,19,Medium,4.66,30.00,26.82,22.16,9.95,8.90,4.23,VALID,1.00,LOCAL_GRADIENT_STEP,NONE
4_11,20,Large,13.62,4.20,3.76,9.87,2.05,1.83,11.79,VALID,1.00,LOCAL_GRADIENT_STEP,FALSE_SHORT_SHADOW
4_11,21,Medium,6.28,30.00,26.82,20.55,14.90,13.32,7.05,VALID,1.00,LOCAL_GRADIENT_STEP,FALSE_LONG_SHADOW
4_11,22,Large,18.82,30.00,26.82,8.01,18.30,16.36,2.46,VALID,1.00,RELATIVE_INTENSITY_STEP,NONE
4_11,23,Large,15.17,30.00,26.82,11.65,20.45,18.28,3.11,VALID,1.00,RELATIVE_INTENSITY_STEP,NONE
4_11,24,Medium,11.98,30.00,26.82,14.84,30.00,26.82,14.84,LOW CONFIDENCE,0.30,REACHED_PHYSICAL_MAX_LIMIT,DARK_REGION_PENETRATION
4_11,25,Medium,7.49,30.00,26.82,19.33,10.30,9.21,1.72,VALID,1.00,LOCAL_GRADIENT_STEP,NONE
4_11,26,Large,18.02,30.00,26.82,8.80,15.60,13.95,4.07,VALID,1.00,RELATIVE_INTENSITY_STEP,NONE
4_11,27,Large,15.09,30.00,26.82,11.73,18.90,16.90,1.81,VALID,1.00,LOCAL_GRADIENT_STEP,NONE
4_11,28,Medium,11.05,30.00,26.82,15.77,7.95,7.11,3.94,VALID,1.00,LOCAL_GRADIENT_STEP,NONE
4_11,29,Medium,5.05,19.25,17.21,12.16,6.80,6.08,1.03,VALID,1.00,RELATIVE_INTENSITY_STEP,NONE
4_11,30,Large,14.63,18.15,16.23,1.60,7.35,6.57,8.06,VALID,1.00,LOCAL_GRADIENT_STEP,FALSE_SHORT_SHADOW
4_11,31,Large,19.58,30.00,26.82,7.24,11.05,9.88,9.70,VALID,1.00,SHADOW_SUPPORT_LOST,FALSE_SHORT_SHADOW
4_11,32,Large,15.77,30.00,26.82,11.05,12.55,11.22,4.55,VALID,1.00,LOCAL_GRADIENT_STEP,NONE
4_11,33,Large,14.52,30.00,26.82,12.31,6.85,6.12,8.39,VALID,1.00,LOCAL_GRADIENT_STEP,FALSE_SHORT_SHADOW
4_11,34,Medium,7.08,30.00,26.82,19.75,6.95,6.21,0.86,VALID,1.00,RELATIVE_INTENSITY_STEP,NONE
4_11,35,Medium,4.53,22.15,19.80,15.27,6.00,5.36,0.83,VALID,1.00,LOCAL_GRADIENT_STEP,NONE
4_11,36,Large,12.08,30.00,26.82,14.74,16.30,14.57,2.49,VALID,1.00,LOCAL_GRADIENT_STEP,NONE
4_11,37,Large,15.68,30.00,26.82,11.14,14.30,12.79,2.90,VALID,1.00,LOCAL_GRADIENT_STEP,NONE
4_11,38,Medium,7.11,14.65,13.10,5.99,7.20,6.44,0.67,VALID,1.00,LOCAL_GRADIENT_STEP,NONE
4_11,39,Medium,8.98,30.00,26.82,17.84,10.75,9.61,0.63,VALID,1.00,LOCAL_GRADIENT_STEP,NONE
4_11,40,Large,14.72,30.00,26.82,12.10,17.95,16.05,1.33,VALID,1.00,LOCAL_GRADIENT_STEP,NONE
4_11,41,Large,13.95,30.00,26.82,12.88,14.20,12.70,1.25,VALID,1.00,LOCAL_GRADIENT_STEP,NONE
4_11,42,Large,13.43,28.40,25.39,11.96,14.35,12.83,0.60,VALID,1.00,LOCAL_GRADIENT_STEP,NONE
4_11,43,Small,2.01,8.55,7.64,5.64,7.90,7.06,5.06,VALID,1.00,LOCAL_GRADIENT_STEP,FALSE_LONG_SHADOW
4_11,44,Small,2.96,8.60,7.69,4.73,4.60,4.11,1.15,VALID,1.00,LOCAL_GRADIENT_STEP,NONE
4_11,45,Large,15.83,29.55,26.42,10.59,13.75,12.29,3.53,VALID,1.00,LOCAL_GRADIENT_STEP,NONE
4_11,46,Small,2.43,4.05,3.62,1.19,1.50,1.34,1.09,VALID,1.00,RELATIVE_INTENSITY_STEP,NONE
4_11,47,Large,12.99,30.00,26.82,13.83,11.35,10.15,2.84,VALID,1.00,LOCAL_GRADIENT_STEP,NONE
4_11,48,Large,18.27,30.00,26.82,8.55,23.05,20.61,2.33,VALID,1.00,LOCAL_GRADIENT_STEP,NONE
4_11,49,Medium,4.02,30.00,26.82,22.80,8.75,7.82,3.80,VALID,1.00,LOCAL_GRADIENT_STEP,NONE
4_11,50,Medium,5.13,30.00,26.82,21.69,6.10,5.45,0.32,VALID,1.00,LOCAL_GRADIENT_STEP,NONE
4_11,51,Small,2.11,16.85,15.07,12.96,10.80,9.66,7.55,VALID,1.00,RELATIVE_INTENSITY_STEP,FALSE_LONG_SHADOW
4_11,52,Small,1.08,4.70,4.20,3.12,4.50,4.02,2.94,VALID,1.00,LOCAL_GRADIENT_STEP,NONE
4_11,53,Small,0.83,13.45,12.03,11.20,8.30,7.42,6.59,VALID,1.00,LOCAL_GRADIENT_STEP,FALSE_LONG_SHADOW
4_11,54,Large,12.69,30.00,26.82,14.14,10.20,9.12,3.57,VALID,1.00,LOCAL_GRADIENT_STEP,NONE
4_11,55,Medium,11.02,30.00,26.82,15.81,16.60,14.84,3.83,VALID,1.00,LOCAL_GRADIENT_STEP,NONE
4_11,56,Medium,10.32,30.00,26.82,16.51,15.70,14.04,3.72,VALID,1.00,LOCAL_GRADIENT_STEP,NONE
4_11,57,Small,1.48,19.55,17.48,16.00,3.70,3.31,1.83,VALID,1.00,LOCAL_GRADIENT_STEP,NONE
4_11,58,Large,13.84,30.00,26.82,12.98,10.40,9.30,4.55,VALID,1.00,LOCAL_GRADIENT_STEP,NONE
4_11,59,Large,16.73,8.95,8.00,8.73,3.50,3.13,13.60,VALID,1.00,LOCAL_GRADIENT_STEP,FALSE_SHORT_SHADOW
4_11,60,Medium,5.31,30.00,26.82,21.51,9.65,8.63,3.32,VALID,1.00,LOCAL_GRADIENT_STEP,NONE
4_11,61,Small,1.37,21.00,18.78,17.40,5.60,5.01,3.63,VALID,1.00,LOCAL_GRADIENT_STEP,NONE
4_11,62,Medium,11.92,30.00,26.82,14.90,22.60,20.21,8.28,VALID,1.00,LOCAL_GRADIENT_STEP,FALSE_LONG_SHADOW
4_11,63,Medium,10.54,30.00,26.82,16.28,21.65,19.36,8.82,VALID,1.00,LOCAL_GRADIENT_STEP,FALSE_LONG_SHADOW
4_11,64,Small,1.54,10.50,9.39,7.85,7.40,6.62,5.08,VALID,1.00,LOCAL_GRADIENT_STEP,FALSE_LONG_SHADOW
4_11,65,Large,17.27,22.45,20.07,2.81,19.35,17.30,0.03,VALID,1.00,LOCAL_GRADIENT_STEP,NONE
4_11,66,Small,0.32,27.70,24.77,24.45,7.80,6.97,6.66,VALID,1.00,LOCAL_GRADIENT_STEP,FALSE_LONG_SHADOW
4_11,67,Medium,8.81,30.00,26.82,18.02,10.95,9.79,0.98,VALID,1.00,LOCAL_GRADIENT_STEP,NONE
4_11,68,Medium,10.75,30.00,26.82,16.07,24.40,21.82,11.07,VALID,1.00,RELATIVE_INTENSITY_STEP,FALSE_LONG_SHADOW
4_11,69,Large,18.33,30.00,26.82,8.49,10.70,9.57,8.76,VALID,1.00,RELATIVE_INTENSITY_STEP,FALSE_SHORT_SHADOW
4_11,70,Small,0.03,30.00,26.82,26.79,5.30,4.74,4.70,VALID,1.00,LOCAL_GRADIENT_STEP,NONE
4_11,71,Large,17.25,30.00,26.82,9.57,30.00,26.82,9.57,LOW CONFIDENCE,0.30,REACHED_PHYSICAL_MAX_LIMIT,DARK_REGION_PENETRATION
4_11,72,Medium,10.95,30.00,26.82,15.87,12.05,10.77,0.18,VALID,1.00,LOCAL_GRADIENT_STEP,NONE
4_11,73,Small,3.18,30.00,26.82,23.64,7.25,6.48,3.30,VALID,1.00,RELATIVE_INTENSITY_STEP,NONE
4_11,74,Small,0.76,30.00,26.82,26.06,5.20,4.65,3.89,VALID,1.00,LOCAL_GRADIENT_STEP,NONE
4_11,75,Medium,4.28,30.00,26.82,22.54,17.30,15.47,11.18,VALID,1.00,LOCAL_GRADIENT_STEP,FALSE_LONG_SHADOW
4_11,76,Medium,10.75,23.95,21.41,10.67,5.10,4.56,6.19,VALID,1.00,RELATIVE_INTENSITY_STEP,FALSE_SHORT_SHADOW
4_13,1,Large,15.39,30.00,26.82,11.43,7.25,6.48,8.91,VALID,1.00,LOCAL_GRADIENT_STEP,FALSE_SHORT_SHADOW
4_13,2,Medium,10.63,30.00,26.82,16.20,7.30,6.53,4.10,VALID,1.00,LOCAL_GRADIENT_STEP,NONE
4_13,3,Large,16.72,30.00,26.82,10.11,7.10,6.35,10.37,VALID,1.00,LOCAL_GRADIENT_STEP,FALSE_SHORT_SHADOW
4_13,4,Large,16.30,30.00,26.82,10.52,12.05,10.77,5.52,VALID,1.00,LOCAL_GRADIENT_STEP,FALSE_SHORT_SHADOW
4_13,5,Small,2.87,11.80,10.55,7.68,10.45,9.34,6.47,VALID,1.00,LOCAL_GRADIENT_STEP,FALSE_LONG_SHADOW
4_13,6,Medium,6.99,30.00,26.82,19.84,10.25,9.16,2.18,VALID,1.00,LOCAL_GRADIENT_STEP,NONE
4_13,7,Large,15.53,30.00,26.82,11.30,14.85,13.28,2.25,VALID,1.00,LOCAL_GRADIENT_STEP,NONE
4_13,8,Large,28.65,30.00,26.82,1.83,8.50,7.60,21.05,VALID,1.00,LOCAL_GRADIENT_STEP,FALSE_SHORT_SHADOW
4_13,9,Large,12.28,30.00,26.82,14.54,12.25,10.95,1.33,VALID,1.00,LOCAL_GRADIENT_STEP,NONE
4_13,10,Large,16.81,30.00,26.82,10.01,12.65,11.31,5.50,VALID,1.00,LOCAL_GRADIENT_STEP,FALSE_SHORT_SHADOW
4_13,11,Small,2.27,23.65,21.15,18.87,9.50,8.49,6.22,VALID,1.00,LOCAL_GRADIENT_STEP,FALSE_LONG_SHADOW
4_13,12,Large,17.80,30.00,26.82,9.02,8.40,7.51,10.29,VALID,1.00,LOCAL_GRADIENT_STEP,FALSE_SHORT_SHADOW
4_13,13,Large,12.84,30.00,26.82,13.98,9.50,8.49,4.35,VALID,1.00,LOCAL_GRADIENT_STEP,NONE
4_13,14,Medium,9.75,17.00,15.20,5.45,10.55,9.43,0.32,VALID,1.00,LOCAL_GRADIENT_STEP,NONE
4_13,15,Medium,7.67,30.00,26.82,19.16,9.00,8.05,0.38,VALID,1.00,LOCAL_GRADIENT_STEP,NONE
4_13,16,Small,2.21,7.45,6.66,4.45,4.90,4.38,2.17,VALID,1.00,LOCAL_GRADIENT_STEP,NONE
4_13,17,Large,17.80,30.00,26.82,9.03,13.40,11.98,5.82,VALID,1.00,LOCAL_GRADIENT_STEP,FALSE_SHORT_SHADOW
4_13,18,Large,15.47,24.95,22.31,6.84,5.85,5.23,10.24,VALID,1.00,RELATIVE_INTENSITY_STEP,FALSE_SHORT_SHADOW
4_13,19,Large,15.35,30.00,26.82,11.47,15.60,13.95,1.40,VALID,1.00,LOCAL_GRADIENT_STEP,NONE
4_13,20,Large,18.55,23.70,21.19,2.64,1.15,1.03,17.52,VALID,1.00,RELATIVE_INTENSITY_STEP,FALSE_SHORT_SHADOW
4_13,21,Medium,7.60,19.50,17.44,9.83,19.20,17.17,9.56,VALID,1.00,LOCAL_GRADIENT_STEP,FALSE_LONG_SHADOW
4_13,22,Medium,11.78,30.00,26.82,15.04,10.10,9.03,2.75,VALID,1.00,LOCAL_GRADIENT_STEP,NONE
4_13,23,Large,22.40,30.00,26.82,4.43,4.25,3.80,18.60,VALID,1.00,RELATIVE_INTENSITY_STEP,FALSE_SHORT_SHADOW
4_13,24,Large,13.19,30.00,26.82,13.64,15.75,14.08,0.89,VALID,1.00,LOCAL_GRADIENT_STEP,NONE
4_13,25,Large,14.46,30.00,26.82,12.36,11.90,10.64,3.82,VALID,1.00,LOCAL_GRADIENT_STEP,NONE
4_13,26,Large,12.87,30.00,26.82,13.95,2.75,2.46,10.41,VALID,1.00,LOCAL_GRADIENT_STEP,FALSE_SHORT_SHADOW
4_13,27,Medium,4.34,30.00,26.82,22.48,8.10,7.24,2.90,VALID,1.00,LOCAL_GRADIENT_STEP,NONE
4_13,28,Large,13.79,30.00,26.82,13.03,20.10,17.97,4.18,VALID,1.00,LOCAL_GRADIENT_STEP,NONE
4_13,29,Medium,6.01,30.00,26.82,20.81,4.50,4.02,1.99,VALID,1.00,LOCAL_GRADIENT_STEP,NONE
4_13,30,Large,15.54,25.65,22.93,7.39,7.40,6.62,8.92,VALID,1.00,LOCAL_GRADIENT_STEP,FALSE_SHORT_SHADOW
4_13,31,Small,1.94,30.00,26.82,24.88,7.50,6.71,4.76,VALID,1.00,LOCAL_GRADIENT_STEP,NONE
4_13,32,Medium,4.70,30.00,26.82,22.12,7.15,6.39,1.69,VALID,1.00,LOCAL_GRADIENT_STEP,NONE
4_13,33,Medium,9.38,29.30,26.20,16.82,3.50,3.13,6.25,VALID,1.00,RELATIVE_INTENSITY_STEP,FALSE_SHORT_SHADOW
4_13,34,Large,16.51,30.00,26.82,10.32,12.30,11.00,5.51,VALID,1.00,LOCAL_GRADIENT_STEP,FALSE_SHORT_SHADOW
4_13,35,Large,19.28,30.00,26.82,7.54,19.15,17.12,2.16,VALID,1.00,LOCAL_GRADIENT_STEP,NONE
4_13,36,Medium,7.29,30.00,26.82,19.53,22.80,20.39,13.10,VALID,1.00,LOCAL_GRADIENT_STEP,FALSE_LONG_SHADOW
4_13,37,Large,13.25,12.10,10.82,2.43,5.35,4.78,8.47,VALID,1.00,LOCAL_GRADIENT_STEP,FALSE_SHORT_SHADOW
4_13,38,Small,3.60,30.00,26.82,23.22,12.90,11.53,7.93,VALID,1.00,LOCAL_GRADIENT_STEP,FALSE_LONG_SHADOW
4_13,39,Medium,9.48,30.00,26.82,17.35,4.90,4.38,5.10,VALID,1.00,RELATIVE_INTENSITY_STEP,FALSE_SHORT_SHADOW
4_13,40,Large,19.35,30.00,26.82,7.47,30.00,26.82,7.47,LOW CONFIDENCE,0.30,REACHED_PHYSICAL_MAX_LIMIT,DARK_REGION_PENETRATION
4_13,41,Large,13.74,18.30,16.36,2.62,11.50,10.28,3.46,VALID,1.00,RELATIVE_INTENSITY_STEP,NONE
4_13,42,Small,2.44,30.00,26.82,24.38,6.80,6.08,3.64,VALID,1.00,LOCAL_GRADIENT_STEP,NONE
4_13,43,Small,2.99,30.00,26.82,23.84,8.15,7.29,4.30,VALID,1.00,LOCAL_GRADIENT_STEP,NONE
4_13,44,Large,19.40,30.00,26.82,7.42,14.15,12.65,6.75,VALID,1.00,LOCAL_GRADIENT_STEP,FALSE_SHORT_SHADOW
4_13,45,Large,19.20,30.00,26.82,7.63,13.50,12.07,7.13,VALID,1.00,LOCAL_GRADIENT_STEP,FALSE_SHORT_SHADOW
4_13,46,Medium,5.83,30.00,26.82,20.99,19.25,17.21,11.38,VALID,1.00,LOCAL_GRADIENT_STEP,FALSE_LONG_SHADOW
4_13,47,Large,19.51,30.00,26.82,7.32,10.50,9.39,10.12,VALID,1.00,LOCAL_GRADIENT_STEP,FALSE_SHORT_SHADOW
4_13,48,Large,20.41,30.00,26.82,6.41,24.10,21.55,1.14,VALID,1.00,LOCAL_GRADIENT_STEP,NONE
4_13,49,Medium,11.91,30.00,26.82,14.91,18.75,16.76,4.85,VALID,1.00,LOCAL_GRADIENT_STEP,NONE
4_13,50,Small,2.81,27.40,24.50,21.69,10.45,9.34,6.53,VALID,1.00,LOCAL_GRADIENT_STEP,FALSE_LONG_SHADOW
4_13,51,Medium,5.02,26.20,23.43,18.41,14.35,12.83,7.81,VALID,1.00,LOCAL_GRADIENT_STEP,FALSE_LONG_SHADOW
4_13,52,Small,2.79,16.70,14.93,12.14,8.95,8.00,5.21,VALID,1.00,LOCAL_GRADIENT_STEP,FALSE_LONG_SHADOW
4_13,53,Medium,4.33,30.00,26.82,22.49,13.05,11.67,7.33,VALID,1.00,LOCAL_GRADIENT_STEP,FALSE_LONG_SHADOW
4_13,54,Medium,11.99,30.00,26.82,14.83,14.90,13.32,1.33,VALID,1.00,LOCAL_GRADIENT_STEP,NONE
4_13,55,Small,3.53,12.80,11.44,7.91,5.60,5.01,1.47,VALID,1.00,LOCAL_GRADIENT_STEP,NONE
4_13,56,Medium,5.14,21.95,19.63,14.49,14.35,12.83,7.69,VALID,1.00,LOCAL_GRADIENT_STEP,FALSE_LONG_SHADOW
4_13,57,Large,21.44,27.55,24.63,3.19,5.15,4.60,16.83,VALID,1.00,LOCAL_GRADIENT_STEP,FALSE_SHORT_SHADOW
4_13,58,Large,19.02,11.55,10.33,8.69,8.35,7.47,11.55,VALID,0.99,LOCAL_GRADIENT_STEP,FALSE_SHORT_SHADOW
4_13,59,Medium,4.51,16.45,14.71,10.20,9.40,8.40,3.89,VALID,1.00,LOCAL_GRADIENT_STEP,NONE
4_13,60,Medium,4.17,25.15,22.49,18.32,16.50,14.75,10.58,VALID,1.00,LOCAL_GRADIENT_STEP,FALSE_LONG_SHADOW
4_13,61,Small,2.46,24.90,22.26,19.80,5.05,4.52,2.05,VALID,1.00,LOCAL_GRADIENT_STEP,NONE
4_13,62,Small,2.01,18.75,16.76,14.75,8.60,7.69,5.68,VALID,1.00,RELATIVE_INTENSITY_STEP,FALSE_LONG_SHADOW
4_13,63,Small,3.81,18.50,16.54,12.73,6.45,5.77,1.96,VALID,1.00,LOCAL_GRADIENT_STEP,NONE
4_13,64,Small,2.58,18.60,16.63,14.05,3.00,2.68,0.10,VALID,1.00,LOCAL_GRADIENT_STEP,NONE
4_13,65,Small,3.35,16.55,14.80,11.45,16.10,14.40,11.05,VALID,1.00,SHADOW_SUPPORT_LOST,SHADOW_MASK_FRAGMENTATION
4_13,66,Small,3.38,9.05,8.09,4.71,0.95,0.85,2.53,VALID,1.00,LOCAL_GRADIENT_STEP,NONE
4_13,67,Medium,9.43,6.95,6.21,3.22,6.50,5.81,3.62,VALID,1.00,SHADOW_SUPPORT_LOST,NONE
4_13,68,Small,0.78,6.80,6.08,5.30,5.40,4.83,4.05,VALID,1.00,LOCAL_GRADIENT_STEP,NONE
4_13,69,Medium,6.81,4.90,4.38,2.42,4.90,4.38,2.42,VALID,1.00,SHADOW_SUPPORT_LOST,NONE
4_13,70,Small,1.14,4.25,3.80,2.66,4.25,3.80,2.66,VALID,1.00,SHADOW_SUPPORT_LOST,NONE
4_13,71,Medium,6.72,1.30,1.16,5.56,0.70,0.63,6.09,VALID,1.00,LOCAL_GRADIENT_STEP,FALSE_SHORT_SHADOW
4_13,72,Medium,6.66,0.85,0.76,5.90,0.30,N/A,N/A,REJECTED,0.00,LOCAL_GRADIENT_STEP,NO_VALID_SHADOW
4_14,1,Small,3.19,12.65,11.31,8.12,3.80,3.40,0.21,VALID,1.00,LOCAL_GRADIENT_STEP,NONE
4_14,2,Medium,10.92,30.00,26.82,15.90,11.00,9.84,1.08,VALID,1.00,LOCAL_GRADIENT_STEP,NONE
4_14,3,Large,12.10,22.30,19.94,7.84,13.30,11.89,0.21,VALID,1.00,LOCAL_GRADIENT_STEP,NONE
4_14,4,Large,17.04,30.00,26.82,9.78,3.80,3.40,13.64,VALID,1.00,LOCAL_GRADIENT_STEP,FALSE_SHORT_SHADOW
4_14,5,Medium,7.50,30.00,26.82,19.32,3.95,3.53,3.97,VALID,1.00,LOCAL_GRADIENT_STEP,NONE
4_14,6,Large,14.54,30.00,26.82,12.28,16.10,14.40,0.15,VALID,1.00,LOCAL_GRADIENT_STEP,NONE
4_14,7,Large,15.34,30.00,26.82,11.49,14.60,13.05,2.28,VALID,0.99,LOCAL_GRADIENT_STEP,NONE
4_14,8,Large,15.08,30.00,26.82,11.74,9.95,8.90,6.19,VALID,1.00,RELATIVE_INTENSITY_STEP,FALSE_SHORT_SHADOW
4_14,9,Medium,4.92,30.00,26.82,21.90,2.15,1.92,3.00,VALID,1.00,LOCAL_GRADIENT_STEP,NONE
4_14,10,Medium,4.27,30.00,26.82,22.55,7.75,6.93,2.66,VALID,1.00,LOCAL_GRADIENT_STEP,NONE
4_14,11,Medium,5.36,23.80,21.28,15.92,10.20,9.12,3.76,VALID,1.00,RELATIVE_INTENSITY_STEP,NONE
4_14,12,Large,14.75,30.00,26.82,12.07,18.05,16.14,1.39,VALID,0.99,LOCAL_GRADIENT_STEP,NONE
4_14,13,Small,3.54,30.00,26.82,23.29,2.45,2.19,1.35,VALID,1.00,RELATIVE_INTENSITY_STEP,NONE
4_14,14,Large,14.56,0.20,0.18,14.38,0.10,N/A,N/A,REJECTED,0.00,RELATIVE_INTENSITY_STEP,NO_VALID_SHADOW
4_14,15,Small,2.43,19.75,17.66,15.23,16.95,15.16,12.73,VALID,1.00,LOCAL_GRADIENT_STEP,FALSE_LONG_SHADOW
4_14,16,Small,0.32,30.00,26.82,26.51,10.65,9.52,9.21,VALID,1.00,LOCAL_GRADIENT_STEP,FALSE_LONG_SHADOW
4_14,17,Large,18.27,30.00,26.82,8.55,11.10,9.92,8.35,VALID,1.00,RELATIVE_INTENSITY_STEP,FALSE_SHORT_SHADOW
4_14,18,Small,2.03,30.00,26.82,24.79,2.40,2.15,0.11,VALID,1.00,RELATIVE_INTENSITY_STEP,NONE
4_14,19,Small,3.15,30.00,26.82,23.68,2.70,2.41,0.73,VALID,1.00,LOCAL_GRADIENT_STEP,NONE
4_14,20,Medium,8.21,30.00,26.82,18.62,23.10,20.65,12.45,VALID,1.00,LOCAL_GRADIENT_STEP,FALSE_LONG_SHADOW
4_14,21,Small,2.96,6.40,5.72,2.76,6.10,5.45,2.49,VALID,1.00,LOCAL_GRADIENT_STEP,NONE
4_14,22,Large,20.72,9.30,8.32,12.41,5.70,5.10,15.62,VALID,0.99,LOCAL_GRADIENT_STEP,FALSE_SHORT_SHADOW
4_14,23,Large,13.70,30.00,26.82,13.12,29.25,26.15,12.45,VALID,0.99,LOCAL_GRADIENT_STEP,FALSE_LONG_SHADOW
4_14,24,Large,14.95,29.90,26.73,11.78,18.65,16.68,1.72,VALID,1.00,RELATIVE_INTENSITY_STEP,NONE
4_14,25,Large,15.16,30.00,26.82,11.66,22.55,20.16,5.00,VALID,1.00,RELATIVE_INTENSITY_STEP,NONE
4_14,26,Medium,5.82,22.20,19.85,14.03,4.85,4.34,1.48,VALID,1.00,RELATIVE_INTENSITY_STEP,NONE
4_14,27,Medium,11.95,25.10,22.44,10.49,16.40,14.66,2.71,VALID,1.00,LOCAL_GRADIENT_STEP,NONE
4_14,28,Medium,9.75,30.00,26.82,17.07,8.50,7.60,2.15,VALID,1.00,LOCAL_GRADIENT_STEP,NONE
4_14,29,Large,14.63,13.80,12.34,2.29,10.60,9.48,5.16,VALID,1.00,LOCAL_GRADIENT_STEP,FALSE_SHORT_SHADOW
4_14,30,Medium,6.39,30.00,26.82,20.43,15.15,13.55,7.15,VALID,1.00,LOCAL_GRADIENT_STEP,FALSE_LONG_SHADOW
4_14,31,Medium,4.09,29.25,26.15,22.06,4.75,4.25,0.15,VALID,1.00,LOCAL_GRADIENT_STEP,NONE
4_14,32,Medium,11.07,30.00,26.82,15.75,3.35,3.00,8.08,VALID,1.00,LOCAL_GRADIENT_STEP,FALSE_SHORT_SHADOW
4_14,33,Small,2.07,26.70,23.87,21.80,19.75,17.66,15.58,VALID,1.00,LOCAL_GRADIENT_STEP,FALSE_LONG_SHADOW
4_14,34,Large,16.69,30.00,26.82,10.14,14.50,12.96,3.72,VALID,0.99,LOCAL_GRADIENT_STEP,NONE
4_14,35,Small,3.06,17.70,15.83,12.76,11.30,10.10,7.04,VALID,1.00,LOCAL_GRADIENT_STEP,FALSE_LONG_SHADOW
4_14,36,Large,16.75,30.00,26.82,10.07,21.90,19.58,2.83,VALID,1.00,LOCAL_GRADIENT_STEP,NONE
4_14,37,Small,2.84,30.00,26.82,23.99,5.25,4.69,1.86,VALID,1.00,LOCAL_GRADIENT_STEP,NONE
4_14,38,Small,3.50,30.00,26.82,23.33,20.25,18.11,14.61,VALID,1.00,LOCAL_GRADIENT_STEP,FALSE_LONG_SHADOW
4_14,39,Large,15.86,30.00,26.82,10.97,8.10,7.24,8.61,VALID,1.00,LOCAL_GRADIENT_STEP,FALSE_SHORT_SHADOW
4_14,40,Large,12.59,30.00,26.82,14.23,15.30,13.68,1.09,VALID,1.00,LOCAL_GRADIENT_STEP,NONE
4_14,41,Small,0.00,14.10,12.61,12.61,1.35,1.21,1.21,VALID,1.00,LOCAL_GRADIENT_STEP,NONE
4_14,42,Small,2.01,14.00,12.52,10.51,8.90,7.96,5.95,VALID,1.00,RELATIVE_INTENSITY_STEP,FALSE_LONG_SHADOW
4_14,43,Medium,4.63,30.00,26.82,22.20,16.55,14.80,10.17,VALID,0.99,LOCAL_GRADIENT_STEP,FALSE_LONG_SHADOW
4_14,44,Small,2.68,24.20,21.64,18.96,13.15,11.76,9.08,VALID,1.00,LOCAL_GRADIENT_STEP,FALSE_LONG_SHADOW
4_14,45,Small,2.25,30.00,26.82,24.57,4.45,3.98,1.73,VALID,1.00,LOCAL_GRADIENT_STEP,NONE
4_14,46,Small,2.44,22.20,19.85,17.41,2.45,2.19,0.25,VALID,1.00,LOCAL_GRADIENT_STEP,NONE
4_14,47,Large,16.78,17.80,15.92,0.86,14.40,12.88,3.90,VALID,1.00,LOCAL_GRADIENT_STEP,NONE
4_14,48,Small,2.14,22.00,19.67,17.54,8.75,7.82,5.69,VALID,1.00,LOCAL_GRADIENT_STEP,FALSE_LONG_SHADOW
4_14,49,Large,17.63,29.95,26.78,9.15,9.95,8.90,8.73,VALID,1.00,LOCAL_GRADIENT_STEP,FALSE_SHORT_SHADOW
4_14,50,Large,15.82,25.25,22.58,6.75,11.55,10.33,5.50,VALID,1.00,LOCAL_GRADIENT_STEP,FALSE_SHORT_SHADOW
4_14,51,Medium,11.27,20.50,18.33,7.05,6.15,5.50,5.78,VALID,1.00,LOCAL_GRADIENT_STEP,FALSE_SHORT_SHADOW
4_14,52,Medium,11.33,12.85,11.49,0.16,5.70,5.10,6.23,VALID,1.00,LOCAL_GRADIENT_STEP,FALSE_SHORT_SHADOW
4_14,53,Medium,9.50,11.35,10.15,0.65,5.60,5.01,4.49,VALID,1.00,RELATIVE_INTENSITY_STEP,NONE
4_14,54,Small,2.59,5.75,5.14,2.55,4.45,3.98,1.38,VALID,1.00,LOCAL_GRADIENT_STEP,NONE
4_14,55,Large,14.19,5.10,4.56,9.63,3.90,3.49,10.70,VALID,1.00,SHADOW_SUPPORT_LOST,FALSE_SHORT_SHADOW
4_14,56,Medium,8.96,2.95,2.64,6.32,2.45,2.19,6.77,VALID,1.00,LOCAL_GRADIENT_STEP,FALSE_SHORT_SHADOW
4_14,57,Small,3.21,1.70,1.52,1.69,1.55,1.39,1.82,VALID,1.00,SHADOW_SUPPORT_LOST,NONE
4_14,58,Small,2.39,0.30,0.27,2.13,0.15,N/A,N/A,REJECTED,0.00,RELATIVE_INTENSITY_STEP,NO_VALID_SHADOW
4_15,1,Medium,9.29,30.00,26.82,17.53,7.75,6.93,2.36,VALID,1.00,LOCAL_GRADIENT_STEP,NONE
4_15,2,Medium,10.64,30.00,26.82,16.18,9.10,8.14,2.51,VALID,1.00,LOCAL_GRADIENT_STEP,NONE
4_15,3,Medium,9.35,13.50,12.07,2.72,5.75,5.14,4.21,VALID,1.00,LOCAL_GRADIENT_STEP,NONE
4_15,4,Large,14.49,5.45,4.87,9.62,1.45,1.30,13.19,VALID,1.00,LOCAL_GRADIENT_STEP,FALSE_SHORT_SHADOW
4_15,5,Medium,6.39,19.90,17.79,11.40,5.10,4.56,1.83,VALID,1.00,LOCAL_GRADIENT_STEP,NONE
4_15,6,Large,17.29,30.00,26.82,9.53,21.00,18.78,1.49,VALID,1.00,LOCAL_GRADIENT_STEP,NONE
4_15,7,Large,24.43,30.00,26.82,2.40,13.00,11.62,12.80,VALID,1.00,LOCAL_GRADIENT_STEP,FALSE_SHORT_SHADOW
4_15,8,Medium,9.02,17.85,15.96,6.93,10.45,9.34,0.32,VALID,1.00,LOCAL_GRADIENT_STEP,NONE
4_15,9,Large,17.96,30.00,26.82,8.86,14.95,13.37,4.59,VALID,1.00,LOCAL_GRADIENT_STEP,NONE
4_15,10,Large,15.22,29.60,26.47,11.25,12.95,11.58,3.64,VALID,0.99,LOCAL_GRADIENT_STEP,NONE
4_15,11,Large,15.77,24.30,21.73,5.96,9.40,8.40,7.36,VALID,1.00,RELATIVE_INTENSITY_STEP,FALSE_SHORT_SHADOW
4_15,12,Small,2.83,13.05,11.67,8.84,10.15,9.08,6.25,VALID,1.00,RELATIVE_INTENSITY_STEP,FALSE_LONG_SHADOW
4_15,13,Small,3.04,30.00,26.82,23.79,11.10,9.92,6.89,VALID,1.00,LOCAL_GRADIENT_STEP,FALSE_LONG_SHADOW
4_15,14,Large,13.55,30.00,26.82,13.27,16.75,14.98,1.43,VALID,1.00,LOCAL_GRADIENT_STEP,NONE
4_15,15,Small,1.11,30.00,26.82,25.72,9.45,8.45,7.34,VALID,1.00,LOCAL_GRADIENT_STEP,FALSE_LONG_SHADOW
4_15,16,Medium,6.48,30.00,26.82,20.35,17.80,15.92,9.44,VALID,1.00,LOCAL_GRADIENT_STEP,FALSE_LONG_SHADOW
4_15,17,Medium,8.54,30.00,26.82,18.28,29.15,26.06,17.52,VALID,1.00,LOCAL_GRADIENT_STEP,FALSE_LONG_SHADOW
4_15,18,Medium,9.44,14.95,13.37,3.92,4.65,4.16,5.28,VALID,1.00,LOCAL_GRADIENT_STEP,FALSE_SHORT_SHADOW
4_15,19,Medium,5.43,30.00,26.82,21.40,19.90,17.79,12.37,VALID,1.00,RELATIVE_INTENSITY_STEP,FALSE_LONG_SHADOW
4_15,20,Medium,6.40,26.00,23.25,16.85,15.30,13.68,7.28,VALID,1.00,LOCAL_GRADIENT_STEP,FALSE_LONG_SHADOW
4_15,21,Small,2.74,3.60,3.22,0.48,2.25,2.01,0.72,VALID,1.00,LOCAL_GRADIENT_STEP,NONE
4_15,22,Large,16.61,30.00,26.82,10.21,8.05,7.20,9.41,VALID,1.00,LOCAL_GRADIENT_STEP,FALSE_SHORT_SHADOW
4_15,23,Small,2.47,30.00,26.82,24.36,8.00,7.15,4.68,VALID,1.00,RELATIVE_INTENSITY_STEP,NONE
4_15,24,Small,2.96,21.40,19.13,16.18,6.55,5.86,2.90,VALID,1.00,LOCAL_GRADIENT_STEP,NONE
4_15,25,Medium,5.57,30.00,26.82,21.25,5.70,5.10,0.48,VALID,1.00,LOCAL_GRADIENT_STEP,NONE
4_15,26,Medium,6.40,30.00,26.82,20.42,9.15,8.18,1.78,VALID,1.00,RELATIVE_INTENSITY_STEP,NONE
4_15,27,Large,13.18,30.00,26.82,13.64,6.50,5.81,7.37,VALID,1.00,LOCAL_GRADIENT_STEP,FALSE_SHORT_SHADOW
4_15,28,Small,2.41,30.00,26.82,24.42,25.65,22.93,20.53,VALID,1.00,LOCAL_GRADIENT_STEP,FALSE_LONG_SHADOW
4_15,29,Small,1.69,16.70,14.93,13.24,2.55,2.28,0.59,VALID,1.00,RELATIVE_INTENSITY_STEP,NONE
4_15,30,Small,2.44,13.45,12.03,9.58,8.40,7.51,5.07,VALID,1.00,LOCAL_GRADIENT_STEP,FALSE_LONG_SHADOW
4_15,31,Large,19.71,30.00,26.82,7.12,22.40,20.03,0.32,VALID,1.00,LOCAL_GRADIENT_STEP,NONE
4_15,32,Large,13.71,30.00,26.82,13.11,11.55,10.33,3.39,VALID,1.00,LOCAL_GRADIENT_STEP,NONE
4_15,33,Large,12.30,23.50,21.01,8.72,8.55,7.64,4.65,VALID,1.00,RELATIVE_INTENSITY_STEP,NONE
4_15,34,Large,13.36,22.75,20.34,6.98,1.40,1.25,12.11,VALID,1.00,RELATIVE_INTENSITY_STEP,FALSE_SHORT_SHADOW
4_15,35,Medium,6.25,30.00,26.82,20.57,12.55,11.22,4.97,VALID,1.00,LOCAL_GRADIENT_STEP,NONE
4_15,36,Small,2.70,30.00,26.82,24.13,6.00,5.36,2.67,VALID,1.00,LOCAL_GRADIENT_STEP,NONE
4_15,37,Medium,11.92,30.00,26.82,14.91,16.35,14.62,2.70,VALID,1.00,LOCAL_GRADIENT_STEP,NONE
4_15,38,Medium,6.44,30.00,26.82,20.38,16.70,14.93,8.49,VALID,1.00,LOCAL_GRADIENT_STEP,FALSE_LONG_SHADOW
4_15,39,Large,17.35,30.00,26.82,9.47,7.60,6.80,10.56,VALID,1.00,LOCAL_GRADIENT_STEP,FALSE_SHORT_SHADOW
4_15,40,Medium,5.39,30.00,26.82,21.43,7.95,7.11,1.72,VALID,1.00,LOCAL_GRADIENT_STEP,NONE
4_15,41,Large,13.71,30.00,26.82,13.11,9.20,8.23,5.49,VALID,1.00,LOCAL_GRADIENT_STEP,FALSE_SHORT_SHADOW
4_15,42,Medium,4.21,23.65,21.15,16.94,2.00,1.79,2.42,VALID,1.00,LOCAL_GRADIENT_STEP,NONE
4_15,43,Small,2.70,30.00,26.82,24.12,16.20,14.48,11.78,VALID,1.00,LOCAL_GRADIENT_STEP,FALSE_LONG_SHADOW
4_15,44,Large,13.73,30.00,26.82,13.09,9.15,8.18,5.55,VALID,1.00,LOCAL_GRADIENT_STEP,FALSE_SHORT_SHADOW
4_15,45,Large,12.94,30.00,26.82,13.88,12.30,11.00,1.94,VALID,1.00,LOCAL_GRADIENT_STEP,NONE
4_15,46,Large,15.83,30.00,26.82,10.99,6.70,5.99,9.84,VALID,1.00,LOCAL_GRADIENT_STEP,FALSE_SHORT_SHADOW
4_15,47,Large,13.78,17.50,15.65,1.87,4.65,4.16,9.62,VALID,1.00,LOCAL_GRADIENT_STEP,FALSE_SHORT_SHADOW
4_15,48,Small,3.16,30.00,26.82,23.67,11.15,9.97,6.81,VALID,1.00,LOCAL_GRADIENT_STEP,FALSE_LONG_SHADOW
4_15,49,Large,16.61,30.00,26.82,10.21,15.40,13.77,2.84,VALID,1.00,LOCAL_GRADIENT_STEP,NONE
5_10,1,Medium,7.56,30.00,26.82,19.26,8.85,7.91,0.35,VALID,1.00,RELATIVE_INTENSITY_STEP,NONE
5_10,2,Medium,4.07,25.45,22.75,18.68,13.10,11.71,7.64,VALID,1.00,LOCAL_GRADIENT_STEP,FALSE_LONG_SHADOW
5_10,3,Medium,6.15,30.00,26.82,20.67,4.00,3.58,2.58,VALID,1.00,RELATIVE_INTENSITY_STEP,NONE
5_10,4,Medium,6.56,30.00,26.82,20.27,9.65,8.63,2.07,VALID,1.00,LOCAL_GRADIENT_STEP,NONE
5_10,5,Medium,6.81,30.00,26.82,20.01,4.00,3.58,3.24,VALID,1.00,LOCAL_GRADIENT_STEP,NONE
5_10,6,Medium,9.90,25.55,22.84,12.94,5.00,4.47,5.43,VALID,1.00,RELATIVE_INTENSITY_STEP,FALSE_SHORT_SHADOW
5_10,7,Large,13.33,29.95,26.78,13.45,9.50,8.49,4.83,VALID,1.00,RELATIVE_INTENSITY_STEP,NONE
5_10,8,Large,12.52,12.75,11.40,1.12,7.00,6.26,6.26,VALID,1.00,SHADOW_SUPPORT_LOST,FALSE_SHORT_SHADOW
5_10,9,Large,13.63,30.00,26.82,13.19,24.00,21.46,7.83,VALID,1.00,LOCAL_GRADIENT_STEP,FALSE_LONG_SHADOW
5_10,10,Small,3.33,10.25,9.16,5.84,5.70,5.10,1.77,VALID,1.00,LOCAL_GRADIENT_STEP,NONE
5_10,11,Large,14.65,30.00,26.82,12.18,13.50,12.07,2.57,VALID,1.00,LOCAL_GRADIENT_STEP,NONE
5_10,12,Medium,6.60,30.00,26.82,20.22,13.95,12.47,5.87,VALID,1.00,RELATIVE_INTENSITY_STEP,FALSE_LONG_SHADOW
5_10,13,Medium,5.79,30.00,26.82,21.03,15.25,13.64,7.85,VALID,1.00,LOCAL_GRADIENT_STEP,FALSE_LONG_SHADOW
5_10,14,Small,2.29,17.40,15.56,13.26,1.45,1.30,1.00,VALID,1.00,RELATIVE_INTENSITY_STEP,NONE
5_10,15,Medium,5.02,15.60,13.95,8.93,5.25,4.69,0.32,VALID,1.00,LOCAL_GRADIENT_STEP,NONE
5_10,16,Medium,7.24,1.65,1.48,5.77,0.55,0.49,6.75,VALID,1.00,SHADOW_SUPPORT_LOST,FALSE_SHORT_SHADOW
5_10,17,Small,3.65,30.00,26.82,23.17,2.65,2.37,1.28,VALID,1.00,LOCAL_GRADIENT_STEP,NONE
5_10,18,Large,19.60,30.00,26.82,7.22,13.40,11.98,7.62,VALID,1.00,LOCAL_GRADIENT_STEP,FALSE_SHORT_SHADOW
5_10,19,Medium,9.00,30.00,26.82,17.82,7.90,7.06,1.94,VALID,1.00,LOCAL_GRADIENT_STEP,NONE
5_10,20,Medium,6.80,30.00,26.82,20.02,1.60,1.43,5.37,VALID,1.00,LOCAL_GRADIENT_STEP,FALSE_SHORT_SHADOW
5_10,21,Small,3.08,30.00,26.82,23.74,9.40,8.40,5.33,VALID,1.00,LOCAL_GRADIENT_STEP,FALSE_LONG_SHADOW
5_10,22,Small,2.87,30.00,26.82,23.95,0.95,0.85,2.02,VALID,1.00,LOCAL_GRADIENT_STEP,NONE
5_10,23,Medium,8.11,21.85,19.54,11.43,17.60,15.74,7.63,VALID,1.00,LOCAL_GRADIENT_STEP,FALSE_LONG_SHADOW
5_10,24,Medium,10.27,30.00,26.82,16.55,8.35,7.47,2.81,VALID,1.00,LOCAL_GRADIENT_STEP,NONE
5_10,25,Small,2.98,14.05,12.56,9.58,7.45,6.66,3.68,VALID,1.00,LOCAL_GRADIENT_STEP,NONE
5_10,26,Small,2.80,9.70,8.67,5.87,4.25,3.80,1.00,VALID,1.00,LOCAL_GRADIENT_STEP,NONE
5_10,27,Large,12.14,20.80,18.60,6.46,3.55,3.17,8.96,VALID,0.97,LOCAL_GRADIENT_STEP,FALSE_SHORT_SHADOW
5_10,28,Large,15.01,28.65,25.62,10.60,4.35,3.89,11.13,VALID,1.00,SHADOW_SUPPORT_LOST,FALSE_SHORT_SHADOW
5_10,29,Small,2.92,30.00,26.82,23.90,9.85,8.81,5.88,VALID,1.00,LOCAL_GRADIENT_STEP,FALSE_LONG_SHADOW
5_10,30,Large,22.45,30.00,26.82,4.37,30.00,26.82,4.37,LOW CONFIDENCE,0.30,REACHED_PHYSICAL_MAX_LIMIT,NONE
5_10,31,Large,14.28,30.00,26.82,12.55,20.25,18.11,3.83,VALID,1.00,LOCAL_GRADIENT_STEP,NONE
5_10,32,Small,2.84,25.45,22.75,19.91,3.50,3.13,0.29,VALID,1.00,LOCAL_GRADIENT_STEP,NONE
5_10,33,Medium,10.21,17.35,15.51,5.30,5.15,4.60,5.61,VALID,1.00,LOCAL_GRADIENT_STEP,FALSE_SHORT_SHADOW
5_10,34,Medium,6.59,16.75,14.98,8.39,6.85,6.12,0.47,VALID,1.00,LOCAL_GRADIENT_STEP,NONE
5_10,35,Medium,4.23,10.10,9.03,4.80,0.80,0.72,3.52,VALID,1.00,LOCAL_GRADIENT_STEP,NONE
5_10,36,Small,3.71,5.05,4.52,0.80,2.75,2.46,1.25,VALID,1.00,LOCAL_GRADIENT_STEP,NONE
5_10,37,Medium,6.56,15.45,13.81,7.26,5.80,5.19,1.37,VALID,1.00,LOCAL_GRADIENT_STEP,NONE
5_10,38,Medium,8.81,15.60,13.95,5.14,8.35,7.47,1.34,VALID,1.00,LOCAL_GRADIENT_STEP,NONE
5_10,39,Small,3.60,16.35,14.62,11.02,5.40,4.83,1.23,VALID,1.00,LOCAL_GRADIENT_STEP,NONE
5_10,40,Medium,6.51,30.00,26.82,20.32,7.60,6.80,0.29,VALID,1.00,LOCAL_GRADIENT_STEP,NONE
5_10,41,Medium,4.01,30.00,26.82,22.82,5.30,4.74,0.73,VALID,0.99,LOCAL_GRADIENT_STEP,NONE
5_10,42,Large,19.92,30.00,26.82,6.91,30.00,26.82,6.91,LOW CONFIDENCE,0.30,REACHED_PHYSICAL_MAX_LIMIT,DARK_REGION_PENETRATION
5_10,43,Small,3.64,30.00,26.82,23.19,15.95,14.26,10.63,VALID,1.00,LOCAL_GRADIENT_STEP,FALSE_LONG_SHADOW
5_10,44,Medium,4.90,29.35,26.24,21.35,6.95,6.21,1.32,VALID,1.00,LOCAL_GRADIENT_STEP,NONE
5_10,45,Small,2.29,30.00,26.82,24.53,8.40,7.51,5.22,VALID,1.00,LOCAL_GRADIENT_STEP,FALSE_LONG_SHADOW
5_10,46,Large,20.53,16.60,14.84,5.69,6.30,5.63,14.90,VALID,1.00,LOCAL_GRADIENT_STEP,FALSE_SHORT_SHADOW
5_10,47,Large,15.80,30.00,26.82,11.03,18.40,16.45,0.65,VALID,1.00,RELATIVE_INTENSITY_STEP,NONE
5_10,48,Small,3.24,30.00,26.82,23.59,10.75,9.61,6.37,VALID,1.00,LOCAL_GRADIENT_STEP,FALSE_LONG_SHADOW
5_10,49,Small,2.39,18.50,16.54,14.15,5.00,4.47,2.08,VALID,1.00,LOCAL_GRADIENT_STEP,NONE
5_10,50,Large,12.47,29.90,26.73,14.26,15.85,14.17,1.70,VALID,1.00,SHADOW_SUPPORT_LOST,NONE
5_10,51,Small,1.44,28.15,25.17,23.72,3.65,3.26,1.82,VALID,1.00,LOCAL_GRADIENT_STEP,NONE
5_10,52,Large,12.16,4.10,3.67,8.50,3.35,3.00,9.17,VALID,0.97,LOCAL_GRADIENT_STEP,FALSE_SHORT_SHADOW
5_10,53,Medium,9.42,18.70,16.72,7.30,9.25,8.27,1.15,VALID,1.00,LOCAL_GRADIENT_STEP,NONE
5_10,54,Large,13.05,10.20,9.12,3.93,3.15,2.82,10.24,VALID,1.00,LOCAL_GRADIENT_STEP,FALSE_SHORT_SHADOW
5_10,55,Medium,9.73,9.90,8.85,0.88,4.80,4.29,5.44,VALID,1.00,LOCAL_GRADIENT_STEP,FALSE_SHORT_SHADOW
5_10,56,Large,13.31,11.40,10.19,3.12,9.00,8.05,5.27,VALID,1.00,SHADOW_SUPPORT_LOST,FALSE_SHORT_SHADOW
5_10,57,Large,13.74,2.70,2.41,11.33,2.70,2.41,11.33,VALID,1.00,SHADOW_SUPPORT_LOST,FALSE_SHORT_SHADOW
5_10,58,Medium,9.13,1.00,0.89,8.24,0.95,0.85,8.28,VALID,1.00,SHADOW_SUPPORT_LOST,FALSE_SHORT_SHADOW
5_10,59,Medium,7.98,0.45,0.40,7.58,0.60,0.54,7.45,VALID,1.00,SHADOW_SUPPORT_LOST,FALSE_SHORT_SHADOW
5_11,1,Medium,5.19,17.25,15.42,10.23,7.35,6.57,1.38,VALID,1.00,LOCAL_GRADIENT_STEP,NONE
5_11,2,Medium,6.85,10.80,9.66,2.80,3.80,3.40,3.45,VALID,1.00,LOCAL_GRADIENT_STEP,NONE
5_11,3,Large,19.42,10.60,9.48,9.94,3.80,3.40,16.02,VALID,1.00,LOCAL_GRADIENT_STEP,FALSE_SHORT_SHADOW
5_11,4,Large,12.45,8.35,7.47,4.99,5.30,4.74,7.71,VALID,0.99,SHADOW_SUPPORT_LOST,FALSE_SHORT_SHADOW
5_11,5,Large,17.15,30.00,26.82,9.68,16.80,15.02,2.13,VALID,1.00,LOCAL_GRADIENT_STEP,NONE
5_11,6,Small,3.42,15.40,13.77,10.35,13.95,12.47,9.05,VALID,1.00,LOCAL_GRADIENT_STEP,FALSE_LONG_SHADOW
5_11,7,Large,12.90,16.30,14.57,1.67,10.00,8.94,3.96,VALID,1.00,LOCAL_GRADIENT_STEP,NONE
5_11,8,Small,2.33,19.55,17.48,15.15,9.20,8.23,5.90,VALID,1.00,LOCAL_GRADIENT_STEP,FALSE_LONG_SHADOW
5_11,9,Medium,6.65,16.15,14.44,7.78,7.00,6.26,0.40,VALID,0.99,RELATIVE_INTENSITY_STEP,NONE
5_11,10,Medium,5.21,29.80,26.64,21.44,3.70,3.31,1.90,VALID,1.00,LOCAL_GRADIENT_STEP,NONE
5_11,11,Small,3.92,30.00,26.82,22.91,7.35,6.57,2.65,VALID,1.00,LOCAL_GRADIENT_STEP,NONE
5_11,12,Medium,11.39,30.00,26.82,15.43,14.60,13.05,1.66,VALID,1.00,LOCAL_GRADIENT_STEP,NONE
5_11,13,Small,3.06,27.15,24.27,21.22,7.25,6.48,3.43,VALID,1.00,LOCAL_GRADIENT_STEP,NONE
5_11,14,Large,13.78,30.00,26.82,13.04,16.05,14.35,0.57,VALID,1.00,LOCAL_GRADIENT_STEP,NONE
5_11,15,Large,12.08,30.00,26.82,14.75,8.10,7.24,4.83,VALID,0.99,LOCAL_GRADIENT_STEP,NONE
5_11,16,Large,13.30,30.00,26.82,13.52,18.20,16.27,2.97,VALID,1.00,LOCAL_GRADIENT_STEP,NONE
5_11,17,Small,3.72,30.00,26.82,23.10,7.40,6.62,2.89,VALID,1.00,RELATIVE_INTENSITY_STEP,NONE
5_11,18,Large,12.08,30.00,26.82,14.74,8.70,7.78,4.30,VALID,1.00,RELATIVE_INTENSITY_STEP,NONE
5_11,19,Medium,8.93,30.00,26.82,17.89,12.25,10.95,2.02,VALID,1.00,LOCAL_GRADIENT_STEP,NONE
5_11,20,Large,12.13,30.00,26.82,14.70,5.10,4.56,7.57,VALID,1.00,LOCAL_GRADIENT_STEP,FALSE_SHORT_SHADOW
5_11,21,Medium,11.60,30.00,26.82,15.23,13.20,11.80,0.21,VALID,1.00,LOCAL_GRADIENT_STEP,NONE
5_11,22,Large,14.66,30.00,26.82,12.16,17.90,16.00,1.34,VALID,1.00,RELATIVE_INTENSITY_STEP,NONE
5_11,23,Large,12.19,28.50,25.48,13.29,6.00,5.36,6.83,VALID,1.00,RELATIVE_INTENSITY_STEP,FALSE_SHORT_SHADOW
5_11,24,Large,16.09,30.00,26.82,10.73,17.25,15.42,0.67,VALID,1.00,RELATIVE_INTENSITY_STEP,NONE
5_11,25,Small,3.51,7.00,6.26,2.75,4.95,4.43,0.92,VALID,1.00,LOCAL_GRADIENT_STEP,NONE
5_11,26,Medium,8.05,19.20,17.17,9.12,15.35,13.72,5.67,VALID,1.00,RELATIVE_INTENSITY_STEP,FALSE_LONG_SHADOW
5_11,27,Medium,5.24,16.75,14.98,9.74,9.15,8.18,2.94,VALID,1.00,LOCAL_GRADIENT_STEP,NONE
5_11,28,Medium,5.00,12.90,11.53,6.53,10.10,9.03,4.03,VALID,1.00,LOCAL_GRADIENT_STEP,NONE
5_11,29,Large,12.28,30.00,26.82,14.54,5.40,4.83,7.45,VALID,1.00,LOCAL_GRADIENT_STEP,FALSE_SHORT_SHADOW
5_11,30,Medium,9.05,30.00,26.82,17.77,2.60,2.32,6.73,VALID,1.00,LOCAL_GRADIENT_STEP,FALSE_SHORT_SHADOW
5_11,31,Medium,6.24,29.70,26.55,20.32,13.70,12.25,6.01,VALID,1.00,LOCAL_GRADIENT_STEP,FALSE_LONG_SHADOW
5_11,32,Medium,6.47,23.80,21.28,14.80,9.35,8.36,1.88,VALID,1.00,RELATIVE_INTENSITY_STEP,NONE
5_11,33,Small,2.62,12.15,10.86,8.25,8.60,7.69,5.07,VALID,1.00,LOCAL_GRADIENT_STEP,FALSE_LONG_SHADOW
5_11,34,Small,2.55,17.30,15.47,12.92,2.75,2.46,0.09,VALID,1.00,LOCAL_GRADIENT_STEP,NONE
5_11,35,Large,14.12,30.00,26.82,12.70,9.05,8.09,6.03,VALID,1.00,LOCAL_GRADIENT_STEP,FALSE_SHORT_SHADOW
5_11,36,Small,2.61,16.00,14.31,11.69,5.40,4.83,2.22,VALID,1.00,LOCAL_GRADIENT_STEP,NONE
5_11,37,Small,2.58,13.80,12.34,9.76,6.65,5.95,3.36,VALID,1.00,LOCAL_GRADIENT_STEP,NONE
5_11,38,Medium,10.26,8.10,7.24,3.02,4.10,3.67,6.59,VALID,1.00,LOCAL_GRADIENT_STEP,FALSE_SHORT_SHADOW
5_11,39,Medium,9.19,30.00,26.82,17.63,6.15,5.50,3.69,VALID,1.00,LOCAL_GRADIENT_STEP,NONE
5_11,40,Large,12.12,30.00,26.82,14.71,15.50,13.86,1.74,VALID,1.00,LOCAL_GRADIENT_STEP,NONE
5_11,41,Medium,4.00,13.05,11.67,7.66,4.65,4.16,0.15,VALID,1.00,LOCAL_GRADIENT_STEP,NONE
5_11,42,Large,14.79,30.00,26.82,12.03,15.25,13.64,1.16,VALID,1.00,LOCAL_GRADIENT_STEP,NONE
5_11,43,Small,1.72,3.75,3.35,1.64,2.85,2.55,0.83,VALID,1.00,LOCAL_GRADIENT_STEP,NONE
5_11,44,Small,1.66,3.95,3.53,1.87,2.15,1.92,0.26,VALID,1.00,LOCAL_GRADIENT_STEP,NONE
5_11,45,Large,12.28,30.00,26.82,14.54,13.85,12.38,0.10,VALID,1.00,LOCAL_GRADIENT_STEP,NONE
5_11,46,Medium,11.95,11.70,10.46,1.49,3.40,3.04,8.91,VALID,0.99,LOCAL_GRADIENT_STEP,FALSE_SHORT_SHADOW
5_11,47,Medium,11.40,30.00,26.82,15.42,5.40,4.83,6.57,VALID,1.00,LOCAL_GRADIENT_STEP,FALSE_SHORT_SHADOW
5_11,48,Medium,11.97,19.90,17.79,5.82,4.05,3.62,8.35,VALID,1.00,LOCAL_GRADIENT_STEP,FALSE_SHORT_SHADOW
5_11,49,Medium,9.32,25.70,22.98,13.66,12.55,11.22,1.90,VALID,1.00,LOCAL_GRADIENT_STEP,NONE
5_11,50,Medium,11.20,30.00,26.82,15.62,9.25,8.27,2.93,VALID,1.00,LOCAL_GRADIENT_STEP,NONE
5_12,1,Large,13.19,30.00,26.82,13.64,6.95,6.21,6.97,VALID,1.00,RELATIVE_INTENSITY_STEP,FALSE_SHORT_SHADOW
5_12,2,Large,16.07,30.00,26.82,10.75,11.75,10.51,5.56,VALID,1.00,LOCAL_GRADIENT_STEP,FALSE_SHORT_SHADOW
5_12,3,Medium,11.55,29.95,26.78,15.23,8.55,7.64,3.90,VALID,1.00,LOCAL_GRADIENT_STEP,NONE
5_12,4,Large,14.34,30.00,26.82,12.48,13.15,11.76,2.58,VALID,1.00,LOCAL_GRADIENT_STEP,NONE
5_12,5,Large,17.40,30.00,26.82,9.42,10.75,9.61,7.79,VALID,1.00,LOCAL_GRADIENT_STEP,FALSE_SHORT_SHADOW
5_12,6,Medium,4.47,10.70,9.57,5.10,3.55,3.17,1.29,VALID,1.00,LOCAL_GRADIENT_STEP,NONE
5_12,7,Large,12.40,26.35,23.56,11.16,10.40,9.30,3.10,VALID,1.00,LOCAL_GRADIENT_STEP,NONE
5_12,8,Large,22.61,30.00,26.82,4.21,15.90,14.22,8.39,VALID,1.00,LOCAL_GRADIENT_STEP,FALSE_SHORT_SHADOW
5_12,9,Medium,9.57,3.55,3.17,6.40,1.65,1.48,8.10,VALID,0.97,LOCAL_GRADIENT_STEP,FALSE_SHORT_SHADOW
5_12,10,Small,2.51,15.95,14.26,11.75,4.90,4.38,1.87,VALID,1.00,RELATIVE_INTENSITY_STEP,NONE
5_12,11,Medium,10.42,4.45,3.98,6.44,3.60,3.22,7.20,VALID,1.00,RELATIVE_INTENSITY_STEP,FALSE_SHORT_SHADOW
5_12,12,Large,18.50,25.45,22.75,4.26,7.35,6.57,11.93,VALID,1.00,LOCAL_GRADIENT_STEP,FALSE_SHORT_SHADOW
5_12,13,Small,3.58,0.45,0.40,3.17,0.35,N/A,N/A,REJECTED,0.00,SHADOW_SUPPORT_LOST,NO_VALID_SHADOW
5_13,1,Large,12.01,27.25,24.36,12.35,18.00,16.09,4.08,VALID,1.00,LOCAL_GRADIENT_STEP,NONE
5_13,2,Medium,11.47,0.45,0.40,11.07,0.30,N/A,N/A,REJECTED,0.00,LOCAL_GRADIENT_STEP,NO_VALID_SHADOW
5_13,3,Medium,7.81,0.30,0.27,7.54,0.20,N/A,N/A,REJECTED,0.00,LOCAL_GRADIENT_STEP,NO_VALID_SHADOW
5_13,4,Medium,7.66,0.70,0.63,7.04,0.70,0.63,7.04,VALID,1.00,SHADOW_SUPPORT_LOST,FALSE_SHORT_SHADOW
5_13,5,Large,12.41,22.40,20.03,7.62,6.75,6.04,6.37,VALID,1.00,RELATIVE_INTENSITY_STEP,FALSE_SHORT_SHADOW
5_13,6,Large,12.50,14.10,12.61,0.11,7.70,6.88,5.61,VALID,1.00,LOCAL_GRADIENT_STEP,FALSE_SHORT_SHADOW
5_13,7,Small,2.39,16.85,15.07,12.68,8.35,7.47,5.08,VALID,1.00,LOCAL_GRADIENT_STEP,FALSE_LONG_SHADOW
5_13,8,Medium,4.93,17.90,16.00,11.07,4.40,3.93,1.00,VALID,1.00,LOCAL_GRADIENT_STEP,NONE
5_13,9,Medium,4.87,10.90,9.75,4.87,8.25,7.38,2.50,VALID,1.00,LOCAL_GRADIENT_STEP,NONE
5_13,10,Large,12.86,30.00,26.82,13.97,10.60,9.48,3.38,VALID,1.00,LOCAL_GRADIENT_STEP,NONE
5_13,11,Medium,6.10,19.65,17.57,11.47,5.80,5.19,0.92,VALID,1.00,LOCAL_GRADIENT_STEP,NONE
5_13,12,Medium,11.55,30.00,26.82,15.28,11.40,10.19,1.35,VALID,1.00,LOCAL_GRADIENT_STEP,NONE
5_13,13,Medium,11.73,30.00,26.82,15.09,19.85,17.75,6.01,VALID,1.00,LOCAL_GRADIENT_STEP,FALSE_LONG_SHADOW
5_13,14,Small,2.93,6.95,6.21,3.28,5.05,4.52,1.58,VALID,1.00,LOCAL_GRADIENT_STEP,NONE
5_13,15,Medium,4.61,13.60,12.16,7.55,5.40,4.83,0.22,VALID,1.00,RELATIVE_INTENSITY_STEP,NONE
5_13,16,Small,2.83,10.95,9.79,6.96,2.90,2.59,0.24,VALID,1.00,LOCAL_GRADIENT_STEP,NONE
5_13,17,Medium,11.31,15.10,13.50,2.19,6.50,5.81,5.50,VALID,1.00,LOCAL_GRADIENT_STEP,FALSE_SHORT_SHADOW
5_13,18,Small,2.68,17.30,15.47,12.79,6.95,6.21,3.54,VALID,1.00,LOCAL_GRADIENT_STEP,NONE
5_13,19,Medium,11.62,30.00,26.82,15.21,7.05,6.30,5.31,VALID,1.00,LOCAL_GRADIENT_STEP,FALSE_SHORT_SHADOW
5_13,20,Small,2.98,30.00,26.82,23.84,4.80,4.29,1.31,VALID,1.00,LOCAL_GRADIENT_STEP,NONE
5_13,21,Medium,11.97,23.90,21.37,9.40,13.60,12.16,0.19,VALID,1.00,LOCAL_GRADIENT_STEP,NONE
5_13,22,Small,2.73,5.30,4.74,2.01,5.30,4.74,2.01,VALID,0.98,SHADOW_SUPPORT_LOST,NONE
5_13,23,Medium,4.25,20.25,18.11,13.85,4.25,3.80,0.45,VALID,0.99,LOCAL_GRADIENT_STEP,NONE
5_13,24,Large,16.11,30.00,26.82,10.72,16.00,14.31,1.80,VALID,1.00,LOCAL_GRADIENT_STEP,NONE
5_13,25,Large,27.61,30.00,26.82,0.78,23.80,21.28,6.33,VALID,1.00,LOCAL_GRADIENT_STEP,FALSE_SHORT_SHADOW
5_13,26,Large,15.52,30.00,26.82,11.30,12.55,11.22,4.30,VALID,1.00,LOCAL_GRADIENT_STEP,NONE
5_13,27,Small,1.73,5.30,4.74,3.01,3.55,3.17,1.44,VALID,1.00,LOCAL_GRADIENT_STEP,NONE
5_14,1,Medium,8.49,3.00,2.68,5.81,1.10,0.98,7.51,VALID,1.00,LOCAL_GRADIENT_STEP,FALSE_SHORT_SHADOW
5_14,2,Medium,7.65,13.00,11.62,3.97,1.90,1.70,5.95,VALID,1.00,LOCAL_GRADIENT_STEP,FALSE_SHORT_SHADOW
5_14,3,Large,14.84,24.75,22.13,7.29,3.75,3.35,11.49,VALID,1.00,RELATIVE_INTENSITY_STEP,FALSE_SHORT_SHADOW
5_14,4,Medium,10.68,30.00,26.82,16.15,16.35,14.62,3.94,VALID,1.00,LOCAL_GRADIENT_STEP,NONE
5_14,5,Medium,10.01,30.00,26.82,16.81,9.30,8.32,1.69,VALID,1.00,LOCAL_GRADIENT_STEP,NONE
5_14,6,Small,2.33,15.90,14.22,11.88,8.15,7.29,4.95,VALID,1.00,LOCAL_GRADIENT_STEP,NONE
5_14,7,Small,2.79,18.60,16.63,13.84,3.30,2.95,0.16,VALID,1.00,LOCAL_GRADIENT_STEP,NONE
5_14,8,Small,2.60,22.35,19.98,17.38,9.20,8.23,5.62,VALID,1.00,RELATIVE_INTENSITY_STEP,FALSE_LONG_SHADOW
5_14,9,Small,2.02,21.15,18.91,16.89,4.00,3.58,1.56,VALID,1.00,LOCAL_GRADIENT_STEP,NONE
5_14,10,Large,18.42,30.00,26.82,8.40,11.40,10.19,8.23,VALID,1.00,LOCAL_GRADIENT_STEP,FALSE_SHORT_SHADOW
5_14,11,Small,2.02,30.00,26.82,24.81,2.90,2.59,0.58,VALID,1.00,LOCAL_GRADIENT_STEP,NONE
5_14,12,Large,12.34,30.00,26.82,14.48,13.70,12.25,0.09,VALID,1.00,LOCAL_GRADIENT_STEP,NONE
5_14,13,Large,16.46,30.00,26.82,10.37,27.50,24.59,8.13,VALID,1.00,LOCAL_GRADIENT_STEP,FALSE_LONG_SHADOW
5_14,14,Small,1.84,15.40,13.77,11.93,4.75,4.25,2.41,VALID,1.00,LOCAL_GRADIENT_STEP,NONE
5_14,15,Large,16.73,30.00,26.82,10.09,17.15,15.33,1.40,VALID,1.00,LOCAL_GRADIENT_STEP,NONE
5_14,16,Large,15.68,15.80,14.13,1.55,3.70,3.31,12.37,VALID,1.00,LOCAL_GRADIENT_STEP,FALSE_SHORT_SHADOW
5_14,17,Small,3.77,19.60,17.52,13.76,8.20,7.33,3.56,VALID,1.00,LOCAL_GRADIENT_STEP,NONE
5_14,18,Large,14.30,30.00,26.82,12.53,16.00,14.31,0.01,VALID,1.00,LOCAL_GRADIENT_STEP,NONE
5_14,19,Large,12.02,30.00,26.82,14.80,4.35,3.89,8.13,VALID,1.00,RELATIVE_INTENSITY_STEP,FALSE_SHORT_SHADOW
5_14,20,Large,12.35,30.00,26.82,14.47,7.45,6.66,5.69,VALID,1.00,LOCAL_GRADIENT_STEP,FALSE_SHORT_SHADOW
5_14,21,Medium,8.79,26.55,23.74,14.95,10.45,9.34,0.56,VALID,1.00,LOCAL_GRADIENT_STEP,NONE
5_14,22,Large,17.26,20.40,18.24,0.98,6.40,5.72,11.53,VALID,1.00,LOCAL_GRADIENT_STEP,FALSE_SHORT_SHADOW
5_14,23,Medium,6.86,29.55,26.42,19.56,5.40,4.83,2.03,VALID,0.99,SHADOW_SUPPORT_LOST,NONE
5_14,24,Small,2.89,21.15,18.91,16.02,2.95,2.64,0.25,VALID,1.00,LOCAL_GRADIENT_STEP,NONE
5_14,25,Large,29.87,30.00,26.82,3.04,30.00,26.82,3.04,LOW CONFIDENCE,0.30,REACHED_PHYSICAL_MAX_LIMIT,NONE
5_14,26,Medium,5.87,20.40,18.24,12.37,4.45,3.98,1.89,VALID,1.00,LOCAL_GRADIENT_STEP,NONE
5_14,27,Medium,5.89,5.65,5.05,0.83,0.15,N/A,N/A,REJECTED,0.00,LOCAL_GRADIENT_STEP,NO_VALID_SHADOW
5_14,28,Large,20.81,2.10,1.88,18.93,1.35,1.21,19.60,VALID,1.00,SHADOW_SUPPORT_LOST,FALSE_SHORT_SHADOW
5_14,29,Medium,4.11,3.90,3.49,0.62,3.55,3.17,0.94,VALID,1.00,SHADOW_SUPPORT_LOST,NONE
5_14,30,Large,30.54,0.50,0.45,30.10,0.50,0.45,30.10,VALID,1.00,SHADOW_SUPPORT_LOST,FALSE_SHORT_SHADOW
5_15,1,Large,15.54,30.00,26.82,11.28,8.95,8.00,7.54,VALID,1.00,LOCAL_GRADIENT_STEP,FALSE_SHORT_SHADOW
5_15,2,Large,16.10,30.00,26.82,10.72,20.95,18.73,2.63,VALID,1.00,LOCAL_GRADIENT_STEP,NONE
5_15,3,Medium,9.95,8.55,7.64,2.30,5.20,4.65,5.30,VALID,1.00,LOCAL_GRADIENT_STEP,FALSE_SHORT_SHADOW
5_15,4,Medium,8.17,1.05,0.94,7.23,0.70,0.63,7.54,VALID,1.00,SHADOW_SUPPORT_LOST,FALSE_SHORT_SHADOW
5_15,5,Large,15.46,30.00,26.82,11.36,9.85,8.81,6.65,VALID,0.99,LOCAL_GRADIENT_STEP,FALSE_SHORT_SHADOW
5_15,6,Small,2.39,6.20,5.54,3.15,2.50,2.24,0.15,VALID,1.00,LOCAL_GRADIENT_STEP,NONE
5_15,7,Small,1.90,3.40,3.04,1.14,3.40,3.04,1.14,VALID,1.00,SHADOW_SUPPORT_LOST,NONE
5_15,8,Small,2.17,30.00,26.82,24.66,3.15,2.82,0.65,VALID,1.00,LOCAL_GRADIENT_STEP,NONE
5_15,9,Small,2.52,15.20,13.59,11.07,4.20,3.76,1.23,VALID,1.00,RELATIVE_INTENSITY_STEP,NONE
5_15,10,Small,2.32,30.00,26.82,24.51,4.75,4.25,1.93,VALID,1.00,RELATIVE_INTENSITY_STEP,NONE
5_15,11,Large,14.50,30.00,26.82,12.32,17.25,15.42,0.92,VALID,1.00,LOCAL_GRADIENT_STEP,NONE
5_15,12,Large,20.71,3.55,3.17,17.54,1.65,1.48,19.23,VALID,1.00,RELATIVE_INTENSITY_STEP,FALSE_SHORT_SHADOW
5_15,13,Medium,10.18,17.10,15.29,5.11,6.55,5.86,4.33,VALID,1.00,LOCAL_GRADIENT_STEP,NONE
5_15,14,Large,18.99,30.00,26.82,7.83,30.00,26.82,7.83,LOW CONFIDENCE,0.30,REACHED_PHYSICAL_MAX_LIMIT,DARK_REGION_PENETRATION
5_15,15,Large,15.73,30.00,26.82,11.10,20.50,18.33,2.60,VALID,1.00,RELATIVE_INTENSITY_STEP,NONE
5_15,16,Medium,6.67,30.00,26.82,20.15,16.85,15.07,8.39,VALID,1.00,LOCAL_GRADIENT_STEP,FALSE_LONG_SHADOW
5_15,17,Small,3.25,30.00,26.82,23.57,2.35,2.10,1.15,VALID,1.00,LOCAL_GRADIENT_STEP,NONE
5_15,18,Small,3.06,6.55,5.86,2.80,1.10,0.98,2.08,VALID,1.00,LOCAL_GRADIENT_STEP,NONE
5_15,19,Medium,6.67,11.85,10.60,3.92,3.15,2.82,3.86,VALID,1.00,RELATIVE_INTENSITY_STEP,NONE
5_15,20,Small,3.12,5.65,5.05,1.93,1.60,1.43,1.69,VALID,1.00,LOCAL_GRADIENT_STEP,NONE
5_15,21,Large,17.76,30.00,26.82,9.07,20.20,18.06,0.30,VALID,1.00,LOCAL_GRADIENT_STEP,NONE
5_15,22,Medium,4.83,8.00,7.15,2.32,4.05,3.62,1.21,VALID,1.00,LOCAL_GRADIENT_STEP,NONE
5_15,23,Small,3.36,7.55,6.75,3.39,3.25,2.91,0.46,VALID,1.00,LOCAL_GRADIENT_STEP,NONE
5_15,24,Medium,9.95,30.00,26.82,16.88,6.65,5.95,4.00,VALID,1.00,LOCAL_GRADIENT_STEP,NONE
5_15,25,Large,13.61,30.00,26.82,13.22,9.85,8.81,4.80,VALID,1.00,RELATIVE_INTENSITY_STEP,NONE
5_15,26,Large,14.46,30.00,26.82,12.37,6.75,6.04,8.42,VALID,1.00,LOCAL_GRADIENT_STEP,FALSE_SHORT_SHADOW
5_15,27,Medium,5.70,30.00,26.82,21.12,14.75,13.19,7.49,VALID,1.00,LOCAL_GRADIENT_STEP,FALSE_LONG_SHADOW
5_15,28,Large,16.98,30.00,26.82,9.84,6.80,6.08,10.90,VALID,1.00,RELATIVE_INTENSITY_STEP,FALSE_SHORT_SHADOW
5_15,29,Small,3.12,30.00,26.82,23.70,11.60,10.37,7.25,VALID,1.00,LOCAL_GRADIENT_STEP,FALSE_LONG_SHADOW
5_15,30,Medium,9.27,30.00,26.82,17.55,12.70,11.36,2.08,VALID,1.00,LOCAL_GRADIENT_STEP,NONE
5_15,31,Small,3.37,30.00,26.82,23.45,10.05,8.99,5.61,VALID,1.00,RELATIVE_INTENSITY_STEP,FALSE_LONG_SHADOW
5_15,32,Large,12.67,30.00,26.82,14.15,13.25,11.85,0.82,VALID,1.00,LOCAL_GRADIENT_STEP,NONE
5_15,33,Medium,4.06,15.95,14.26,10.20,2.85,2.55,1.51,VALID,1.00,LOCAL_GRADIENT_STEP,NONE
5_15,34,Small,3.46,8.60,7.69,4.23,4.35,3.89,0.43,VALID,1.00,LOCAL_GRADIENT_STEP,NONE
5_15,35,Large,18.12,30.00,26.82,8.70,17.00,15.20,2.92,VALID,1.00,LOCAL_GRADIENT_STEP,NONE
5_15,36,Small,3.86,30.00,26.82,22.96,3.90,3.49,0.37,VALID,1.00,LOCAL_GRADIENT_STEP,NONE
5_15,37,Medium,10.84,30.00,26.82,15.98,7.35,6.57,4.27,VALID,1.00,LOCAL_GRADIENT_STEP,NONE
5_15,38,Medium,6.47,12.90,11.53,5.07,7.40,6.62,0.15,VALID,1.00,LOCAL_GRADIENT_STEP,NONE
5_15,39,Medium,8.29,18.25,16.32,8.02,6.90,6.17,2.12,VALID,1.00,LOCAL_GRADIENT_STEP,NONE
5_15,40,Medium,9.02,30.00,26.82,17.81,8.00,7.15,1.86,VALID,1.00,LOCAL_GRADIENT_STEP,NONE
5_15,41,Large,19.18,30.00,26.82,7.64,11.75,10.51,8.68,VALID,1.00,LOCAL_GRADIENT_STEP,FALSE_SHORT_SHADOW
5_15,42,Medium,11.35,19.70,17.61,6.27,1.05,0.94,10.41,VALID,1.00,RELATIVE_INTENSITY_STEP,FALSE_SHORT_SHADOW
5_15,43,Large,19.58,30.00,26.82,7.25,5.35,4.78,14.79,VALID,1.00,LOCAL_GRADIENT_STEP,FALSE_SHORT_SHADOW
5_15,44,Large,13.50,6.40,5.72,7.78,2.35,2.10,11.40,VALID,1.00,LOCAL_GRADIENT_STEP,FALSE_SHORT_SHADOW
6_10,1,Medium,7.20,3.05,2.73,4.48,0.90,0.80,6.40,VALID,1.00,LOCAL_GRADIENT_STEP,FALSE_SHORT_SHADOW
6_10,2,Large,14.12,19.50,17.44,3.31,8.85,7.91,6.21,VALID,1.00,LOCAL_GRADIENT_STEP,FALSE_SHORT_SHADOW
6_10,3,Large,16.38,30.00,26.82,10.44,8.90,7.96,8.42,VALID,1.00,LOCAL_GRADIENT_STEP,FALSE_SHORT_SHADOW
6_10,4,Large,20.44,23.20,20.74,0.30,9.05,8.09,12.35,VALID,1.00,LOCAL_GRADIENT_STEP,FALSE_SHORT_SHADOW
6_10,5,Large,13.32,30.00,26.82,13.50,8.65,7.73,5.59,VALID,1.00,RELATIVE_INTENSITY_STEP,FALSE_SHORT_SHADOW
6_10,6,Medium,5.72,4.00,3.58,2.14,2.75,2.46,3.26,VALID,1.00,LOCAL_GRADIENT_STEP,NONE
6_10,7,Medium,11.31,20.60,18.42,7.10,14.40,12.88,1.56,VALID,1.00,SHADOW_SUPPORT_LOST,NONE
6_10,8,Small,3.85,11.70,10.46,6.61,2.85,2.55,1.30,VALID,1.00,RELATIVE_INTENSITY_STEP,NONE
6_10,9,Small,3.60,0.30,0.27,3.34,0.30,N/A,N/A,REJECTED,0.00,RELATIVE_INTENSITY_STEP,NO_VALID_SHADOW
6_10,10,Large,12.98,30.00,26.82,13.85,14.85,13.28,0.30,VALID,1.00,LOCAL_GRADIENT_STEP,NONE
6_10,11,Large,17.10,30.00,26.82,9.72,10.25,9.16,7.94,VALID,1.00,RELATIVE_INTENSITY_STEP,FALSE_SHORT_SHADOW
6_10,12,Large,18.82,30.00,26.82,8.00,7.05,6.30,12.52,VALID,1.00,LOCAL_GRADIENT_STEP,FALSE_SHORT_SHADOW
6_10,13,Medium,4.07,22.80,20.39,16.32,4.95,4.43,0.36,VALID,1.00,LOCAL_GRADIENT_STEP,NONE
6_10,14,Small,2.33,16.95,15.16,12.82,4.45,3.98,1.65,VALID,1.00,LOCAL_GRADIENT_STEP,NONE
6_10,15,Large,14.43,30.00,26.82,12.39,20.65,18.46,4.03,VALID,1.00,LOCAL_GRADIENT_STEP,NONE
6_10,16,Small,2.10,13.35,11.94,9.83,5.60,5.01,2.90,VALID,1.00,LOCAL_GRADIENT_STEP,NONE
6_10,17,Medium,7.20,30.00,26.82,19.62,6.50,5.81,1.39,VALID,1.00,LOCAL_GRADIENT_STEP,NONE
6_10,18,Large,12.88,24.65,22.04,9.16,9.55,8.54,4.34,VALID,1.00,RELATIVE_INTENSITY_STEP,NONE
6_10,19,Small,3.24,11.05,9.88,6.64,6.90,6.17,2.93,VALID,1.00,RELATIVE_INTENSITY_STEP,NONE
6_10,20,Large,18.21,30.00,26.82,8.62,24.90,22.26,4.06,VALID,1.00,LOCAL_GRADIENT_STEP,NONE
6_10,21,Small,3.26,17.35,15.51,12.25,6.40,5.72,2.46,VALID,1.00,RELATIVE_INTENSITY_STEP,NONE
6_10,22,Large,18.98,30.00,26.82,7.84,29.95,26.78,7.79,VALID,1.00,LOCAL_GRADIENT_STEP,FALSE_LONG_SHADOW
6_10,23,Small,3.51,29.25,26.15,22.64,6.50,5.81,2.30,VALID,1.00,LOCAL_GRADIENT_STEP,NONE
6_10,24,Small,3.75,19.55,17.48,13.73,3.80,3.40,0.36,VALID,1.00,RELATIVE_INTENSITY_STEP,NONE
6_10,25,Large,19.28,30.00,26.82,7.55,24.15,21.59,2.32,VALID,1.00,LOCAL_GRADIENT_STEP,NONE
6_10,26,Medium,4.53,30.00,26.82,22.30,18.60,16.63,12.10,VALID,1.00,LOCAL_GRADIENT_STEP,FALSE_LONG_SHADOW
6_10,27,Medium,7.23,30.00,26.82,19.60,12.75,11.40,4.17,VALID,1.00,LOCAL_GRADIENT_STEP,NONE
6_10,28,Small,2.84,30.00,26.82,23.99,3.20,2.86,0.02,VALID,1.00,RELATIVE_INTENSITY_STEP,NONE
6_10,29,Medium,11.75,30.00,26.82,15.07,8.45,7.56,4.20,VALID,1.00,LOCAL_GRADIENT_STEP,NONE
6_10,30,Medium,10.62,15.25,13.64,3.02,11.75,10.51,0.11,VALID,1.00,LOCAL_GRADIENT_STEP,NONE
6_10,31,Small,2.37,19.95,17.84,15.47,15.35,13.72,11.35,VALID,1.00,LOCAL_GRADIENT_STEP,FALSE_LONG_SHADOW
6_10,32,Large,14.53,30.00,26.82,12.29,16.50,14.75,0.22,VALID,1.00,LOCAL_GRADIENT_STEP,NONE
6_10,33,Medium,8.81,24.85,22.22,13.41,11.00,9.84,1.02,VALID,1.00,LOCAL_GRADIENT_STEP,NONE
6_10,34,Small,2.75,30.00,26.82,24.07,1.75,1.56,1.19,VALID,1.00,LOCAL_GRADIENT_STEP,NONE
6_10,35,Small,1.95,1.20,1.07,0.87,0.85,0.76,1.19,VALID,1.00,RELATIVE_INTENSITY_STEP,NONE
6_10,36,Medium,10.87,30.00,26.82,15.96,12.30,11.00,0.13,VALID,1.00,LOCAL_GRADIENT_STEP,NONE
6_10,37,Large,17.26,30.00,26.82,9.56,17.00,15.20,2.06,VALID,1.00,LOCAL_GRADIENT_STEP,NONE
6_10,38,Large,16.21,26.70,23.87,7.66,5.15,4.60,11.61,VALID,1.00,LOCAL_GRADIENT_STEP,FALSE_SHORT_SHADOW
6_10,39,Small,2.23,18.20,16.27,14.04,2.50,2.24,0.01,VALID,1.00,LOCAL_GRADIENT_STEP,NONE
6_10,40,Small,3.07,30.00,26.82,23.76,15.15,13.55,10.48,VALID,1.00,LOCAL_GRADIENT_STEP,FALSE_LONG_SHADOW
6_10,41,Small,2.51,16.30,14.57,12.06,2.20,1.97,0.55,VALID,1.00,LOCAL_GRADIENT_STEP,NONE
6_10,42,Large,14.71,30.00,26.82,12.11,14.10,12.61,2.11,VALID,1.00,LOCAL_GRADIENT_STEP,NONE
6_10,43,Medium,4.34,24.95,22.31,17.96,6.15,5.50,1.15,VALID,1.00,LOCAL_GRADIENT_STEP,NONE
6_10,44,Large,34.43,30.00,26.82,7.60,5.95,5.32,29.11,VALID,0.99,LOCAL_GRADIENT_STEP,FALSE_SHORT_SHADOW
6_10,45,Large,34.01,30.00,26.82,7.19,10.70,9.57,24.44,VALID,1.00,LOCAL_GRADIENT_STEP,FALSE_SHORT_SHADOW
6_10,46,Large,14.04,30.00,26.82,12.78,12.80,11.44,2.60,VALID,1.00,LOCAL_GRADIENT_STEP,NONE
6_11,1,Large,13.68,29.55,26.42,12.74,7.60,6.80,6.89,VALID,1.00,LOCAL_GRADIENT_STEP,FALSE_SHORT_SHADOW
6_11,2,Large,15.89,30.00,26.82,10.94,11.00,9.84,6.05,VALID,1.00,LOCAL_GRADIENT_STEP,FALSE_SHORT_SHADOW
6_11,3,Medium,10.31,7.70,6.88,3.42,3.55,3.17,7.13,VALID,1.00,RELATIVE_INTENSITY_STEP,FALSE_SHORT_SHADOW
6_11,4,Large,14.32,21.55,19.27,4.95,6.85,6.12,8.20,VALID,1.00,SHADOW_SUPPORT_LOST,FALSE_SHORT_SHADOW
6_11,5,Small,2.28,6.20,5.54,3.26,2.30,2.06,0.23,VALID,1.00,LOCAL_GRADIENT_STEP,NONE
6_11,6,Large,15.98,30.00,26.82,10.84,30.00,26.82,10.84,LOW CONFIDENCE,0.30,REACHED_PHYSICAL_MAX_LIMIT,DARK_REGION_PENETRATION
6_11,7,Large,14.98,30.00,26.82,11.84,23.05,20.61,5.63,VALID,1.00,RELATIVE_INTENSITY_STEP,FALSE_LONG_SHADOW
6_11,8,Small,1.73,0.60,0.54,1.20,0.10,N/A,N/A,REJECTED,0.00,RELATIVE_INTENSITY_STEP,NO_VALID_SHADOW
6_11,9,Medium,7.29,30.00,26.82,19.53,19.20,17.17,9.88,VALID,1.00,LOCAL_GRADIENT_STEP,FALSE_LONG_SHADOW
6_11,10,Large,13.37,30.00,26.82,13.45,7.70,6.88,6.49,VALID,1.00,LOCAL_GRADIENT_STEP,FALSE_SHORT_SHADOW
6_11,11,Medium,5.48,30.00,26.82,21.34,9.60,8.58,3.10,VALID,1.00,LOCAL_GRADIENT_STEP,NONE
6_11,12,Large,13.11,8.35,7.47,5.64,4.65,4.16,8.95,VALID,0.96,LOCAL_GRADIENT_STEP,FALSE_SHORT_SHADOW
6_11,13,Large,14.60,30.00,26.82,12.22,23.65,21.15,6.54,VALID,1.00,LOCAL_GRADIENT_STEP,FALSE_LONG_SHADOW
6_11,14,Large,14.10,30.00,26.82,12.72,30.00,26.82,12.72,LOW CONFIDENCE,0.30,REACHED_PHYSICAL_MAX_LIMIT,DARK_REGION_PENETRATION
6_11,15,Medium,10.48,30.00,26.82,16.35,5.60,5.01,5.47,VALID,0.99,LOCAL_GRADIENT_STEP,FALSE_SHORT_SHADOW
6_11,16,Large,16.21,30.00,26.82,10.61,16.70,14.93,1.28,VALID,1.00,LOCAL_GRADIENT_STEP,NONE
6_11,17,Large,20.10,30.00,26.82,6.72,15.90,14.22,5.89,VALID,1.00,LOCAL_GRADIENT_STEP,FALSE_SHORT_SHADOW
6_11,18,Small,2.63,17.05,15.24,12.61,9.30,8.32,5.68,VALID,1.00,LOCAL_GRADIENT_STEP,FALSE_LONG_SHADOW
6_11,19,Small,2.65,16.25,14.53,11.88,10.15,9.08,6.43,VALID,1.00,RELATIVE_INTENSITY_STEP,FALSE_LONG_SHADOW
6_11,20,Small,2.43,15.60,13.95,11.52,4.65,4.16,1.73,VALID,1.00,LOCAL_GRADIENT_STEP,NONE
6_11,21,Small,2.67,24.20,21.64,18.97,9.70,8.67,6.00,VALID,1.00,LOCAL_GRADIENT_STEP,FALSE_LONG_SHADOW
6_11,22,Medium,7.42,30.00,26.82,19.40,14.70,13.14,5.72,VALID,1.00,RELATIVE_INTENSITY_STEP,FALSE_LONG_SHADOW
6_11,23,Small,2.38,28.70,25.66,23.28,8.70,7.78,5.40,VALID,1.00,LOCAL_GRADIENT_STEP,FALSE_LONG_SHADOW
6_11,24,Medium,5.30,5.45,4.87,0.43,2.45,2.19,3.11,VALID,1.00,LOCAL_GRADIENT_STEP,NONE
6_12,1,Large,17.21,12.15,10.86,6.35,3.50,3.13,14.08,VALID,1.00,LOCAL_GRADIENT_STEP,FALSE_SHORT_SHADOW
6_12,2,Large,17.28,30.00,26.82,9.54,10.25,9.16,8.12,VALID,1.00,LOCAL_GRADIENT_STEP,FALSE_SHORT_SHADOW
6_12,3,Large,15.75,12.65,11.31,4.44,2.10,1.88,13.88,VALID,1.00,LOCAL_GRADIENT_STEP,FALSE_SHORT_SHADOW
6_12,4,Large,14.42,21.75,19.45,5.02,10.75,9.61,4.81,VALID,1.00,LOCAL_GRADIENT_STEP,NONE
6_12,5,Small,2.39,17.10,15.29,12.90,1.45,1.30,1.10,VALID,1.00,RELATIVE_INTENSITY_STEP,NONE
6_12,6,Small,3.20,22.15,19.80,16.60,12.05,10.77,7.57,VALID,1.00,LOCAL_GRADIENT_STEP,FALSE_LONG_SHADOW
6_12,7,Small,1.79,8.80,7.87,6.08,5.25,4.69,2.91,VALID,1.00,LOCAL_GRADIENT_STEP,NONE
6_12,8,Large,18.42,17.35,15.51,2.91,9.75,8.72,9.70,VALID,1.00,RELATIVE_INTENSITY_STEP,FALSE_SHORT_SHADOW
6_12,9,Large,16.67,30.00,26.82,10.16,19.00,16.99,0.32,VALID,1.00,RELATIVE_INTENSITY_STEP,NONE
6_12,10,Large,15.29,30.00,26.82,11.53,17.70,15.83,0.53,VALID,1.00,LOCAL_GRADIENT_STEP,NONE
6_12,11,Large,12.30,30.00,26.82,14.53,16.35,14.62,2.32,VALID,1.00,LOCAL_GRADIENT_STEP,NONE
6_12,12,Medium,5.37,30.00,26.82,21.45,14.00,12.52,7.15,VALID,1.00,LOCAL_GRADIENT_STEP,FALSE_LONG_SHADOW
6_12,13,Small,3.17,29.95,26.78,23.61,5.55,4.96,1.79,VALID,1.00,LOCAL_GRADIENT_STEP,NONE
6_12,14,Medium,4.94,30.00,26.82,21.88,11.65,10.42,5.47,VALID,1.00,RELATIVE_INTENSITY_STEP,FALSE_LONG_SHADOW
6_12,15,Small,2.00,30.00,26.82,24.82,4.75,4.25,2.24,VALID,1.00,LOCAL_GRADIENT_STEP,NONE
6_12,16,Large,14.55,30.00,26.82,12.27,8.80,7.87,6.69,VALID,1.00,LOCAL_GRADIENT_STEP,FALSE_SHORT_SHADOW
6_12,17,Large,15.94,30.00,26.82,10.88,29.35,26.24,10.30,VALID,1.00,LOCAL_GRADIENT_STEP,FALSE_LONG_SHADOW
6_12,18,Small,1.91,14.85,13.28,11.36,3.95,3.53,1.62,VALID,1.00,LOCAL_GRADIENT_STEP,NONE
6_12,19,Small,1.15,30.00,26.82,25.67,3.25,2.91,1.76,VALID,1.00,LOCAL_GRADIENT_STEP,NONE
6_12,20,Medium,6.82,8.65,7.73,0.91,7.25,6.48,0.34,VALID,1.00,LOCAL_GRADIENT_STEP,NONE
6_12,21,Small,3.18,5.80,5.19,2.01,5.65,5.05,1.87,VALID,1.00,LOCAL_GRADIENT_STEP,NONE
6_12,22,Medium,6.33,11.05,9.88,3.55,3.80,3.40,2.93,VALID,1.00,RELATIVE_INTENSITY_STEP,NONE
6_13,1,Large,15.74,30.00,26.82,11.08,17.75,15.87,0.13,VALID,1.00,LOCAL_GRADIENT_STEP,NONE
6_13,2,Medium,6.50,30.00,26.82,20.32,4.15,3.71,2.79,VALID,1.00,LOCAL_GRADIENT_STEP,NONE
6_13,3,Small,3.52,12.95,11.58,8.06,7.65,6.84,3.32,VALID,1.00,LOCAL_GRADIENT_STEP,NONE
6_13,4,Small,3.30,18.35,16.41,13.11,8.30,7.42,4.12,VALID,1.00,RELATIVE_INTENSITY_STEP,NONE
6_13,5,Small,3.27,30.00,26.82,23.56,10.50,9.39,6.12,VALID,1.00,RELATIVE_INTENSITY_STEP,FALSE_LONG_SHADOW
6_13,6,Small,3.52,17.20,15.38,11.86,4.75,4.25,0.73,VALID,1.00,RELATIVE_INTENSITY_STEP,NONE
6_13,7,Small,3.22,29.90,26.73,23.51,4.75,4.25,1.02,VALID,1.00,LOCAL_GRADIENT_STEP,NONE
6_13,8,Small,3.23,27.30,24.41,21.18,5.45,4.87,1.64,VALID,1.00,RELATIVE_INTENSITY_STEP,NONE
6_13,9,Large,16.16,30.00,26.82,10.67,15.30,13.68,2.48,VALID,1.00,LOCAL_GRADIENT_STEP,NONE
6_13,10,Large,15.89,9.95,8.90,6.99,4.15,3.71,12.18,VALID,1.00,LOCAL_GRADIENT_STEP,FALSE_SHORT_SHADOW
6_13,11,Large,16.66,30.00,26.82,10.16,8.70,7.78,8.88,VALID,1.00,LOCAL_GRADIENT_STEP,FALSE_SHORT_SHADOW
6_13,12,Large,16.25,30.00,26.82,10.58,9.10,8.14,8.11,VALID,1.00,LOCAL_GRADIENT_STEP,FALSE_SHORT_SHADOW
6_13,13,Large,20.95,30.00,26.82,5.87,27.70,24.77,3.82,VALID,1.00,LOCAL_GRADIENT_STEP,NONE
6_13,14,Large,22.34,30.00,26.82,4.48,30.00,26.82,4.48,LOW CONFIDENCE,0.30,REACHED_PHYSICAL_MAX_LIMIT,NONE
6_13,15,Medium,11.29,13.75,12.29,1.01,11.65,10.42,0.87,VALID,1.00,LOCAL_GRADIENT_STEP,NONE
6_13,16,Large,14.27,30.00,26.82,12.55,20.50,18.33,4.06,VALID,1.00,LOCAL_GRADIENT_STEP,NONE
6_13,17,Large,16.35,26.95,24.10,7.74,3.60,3.22,13.13,VALID,1.00,LOCAL_GRADIENT_STEP,FALSE_SHORT_SHADOW
6_13,18,Medium,11.47,14.05,12.56,1.09,6.70,5.99,5.48,VALID,1.00,LOCAL_GRADIENT_STEP,FALSE_SHORT_SHADOW
6_13,19,Small,2.87,30.00,26.82,23.96,8.65,7.73,4.87,VALID,1.00,RELATIVE_INTENSITY_STEP,NONE
6_13,20,Large,14.28,30.00,26.82,12.54,22.45,20.07,5.79,VALID,1.00,LOCAL_GRADIENT_STEP,FALSE_LONG_SHADOW
6_13,21,Small,2.94,30.00,26.82,23.88,30.00,26.82,23.88,LOW CONFIDENCE,0.30,REACHED_PHYSICAL_MAX_LIMIT,DARK_REGION_PENETRATION
6_13,22,Medium,4.39,30.00,26.82,22.44,18.80,16.81,12.42,VALID,1.00,RELATIVE_INTENSITY_STEP,FALSE_LONG_SHADOW
6_13,23,Small,2.22,16.10,14.40,12.18,4.50,4.02,1.80,VALID,1.00,LOCAL_GRADIENT_STEP,NONE
6_13,24,Small,2.94,30.00,26.82,23.88,29.90,26.73,23.79,VALID,1.00,LOCAL_GRADIENT_STEP,FALSE_LONG_SHADOW
6_13,25,Small,3.18,30.00,26.82,23.64,2.00,1.79,1.39,VALID,1.00,RELATIVE_INTENSITY_STEP,NONE
6_13,26,Medium,8.68,30.00,26.82,18.15,7.70,6.88,1.79,VALID,1.00,LOCAL_GRADIENT_STEP,NONE
6_14,1,Large,22.34,17.50,15.65,6.70,7.65,6.84,15.50,VALID,1.00,LOCAL_GRADIENT_STEP,FALSE_SHORT_SHADOW
6_14,2,Large,29.43,30.00,26.82,2.61,18.65,16.68,12.75,VALID,1.00,LOCAL_GRADIENT_STEP,FALSE_SHORT_SHADOW
6_14,3,Small,3.84,15.55,13.90,10.06,15.10,13.50,9.66,VALID,1.00,SHADOW_SUPPORT_LOST,SHADOW_MASK_FRAGMENTATION
6_14,4,Medium,6.18,4.05,3.62,2.56,2.65,2.37,3.81,VALID,1.00,SHADOW_SUPPORT_LOST,NONE
6_14,5,Large,15.81,30.00,26.82,11.01,30.00,26.82,11.01,LOW CONFIDENCE,0.30,REACHED_PHYSICAL_MAX_LIMIT,DARK_REGION_PENETRATION
6_14,6,Large,16.23,30.00,26.82,10.60,23.40,20.92,4.70,VALID,1.00,LOCAL_GRADIENT_STEP,NONE
6_14,7,Medium,4.60,30.00,26.82,22.22,3.90,3.49,1.12,VALID,1.00,RELATIVE_INTENSITY_STEP,NONE
6_14,8,Small,2.53,24.90,22.26,19.73,6.35,5.68,3.15,VALID,1.00,LOCAL_GRADIENT_STEP,NONE
6_14,9,Medium,4.58,28.60,25.57,20.99,4.35,3.89,0.69,VALID,1.00,LOCAL_GRADIENT_STEP,NONE
6_14,10,Large,46.80,30.00,26.82,19.98,11.15,9.97,36.83,VALID,1.00,LOCAL_GRADIENT_STEP,FALSE_SHORT_SHADOW
6_14,11,Large,14.57,30.00,26.82,12.26,15.40,13.77,0.80,VALID,1.00,RELATIVE_INTENSITY_STEP,NONE
6_14,12,Medium,4.21,30.00,26.82,22.61,10.95,9.79,5.58,VALID,1.00,RELATIVE_INTENSITY_STEP,FALSE_LONG_SHADOW
6_14,13,Large,17.61,30.00,26.82,9.21,14.70,13.14,4.47,VALID,1.00,LOCAL_GRADIENT_STEP,NONE
6_14,14,Small,2.27,30.00,26.82,24.56,2.60,2.32,0.06,VALID,1.00,RELATIVE_INTENSITY_STEP,NONE
6_14,15,Large,14.43,13.70,12.25,2.18,12.45,11.13,3.30,VALID,1.00,LOCAL_GRADIENT_STEP,NONE
6_14,16,Small,3.99,30.00,26.82,22.84,13.90,12.43,8.44,VALID,1.00,LOCAL_GRADIENT_STEP,FALSE_LONG_SHADOW
6_14,17,Medium,11.31,30.00,26.82,15.51,21.25,19.00,7.69,VALID,1.00,LOCAL_GRADIENT_STEP,FALSE_LONG_SHADOW
6_14,18,Medium,9.34,30.00,26.82,17.49,11.75,10.51,1.17,VALID,1.00,LOCAL_GRADIENT_STEP,NONE
6_14,19,Large,47.79,30.00,26.82,20.97,12.20,10.91,36.88,VALID,1.00,RELATIVE_INTENSITY_STEP,FALSE_SHORT_SHADOW
6_14,20,Medium,7.65,30.00,26.82,19.17,14.75,13.19,5.54,VALID,1.00,LOCAL_GRADIENT_STEP,FALSE_LONG_SHADOW
6_14,21,Large,16.07,30.00,26.82,10.75,30.00,26.82,10.75,VALID,1.00,LOCAL_GRADIENT_STEP,FALSE_LONG_SHADOW
6_14,22,Large,48.07,30.00,26.82,21.24,13.45,12.03,36.04,VALID,1.00,LOCAL_GRADIENT_STEP,FALSE_SHORT_SHADOW
6_14,23,Medium,5.45,27.10,24.23,18.78,6.30,5.63,0.19,VALID,1.00,LOCAL_GRADIENT_STEP,NONE
6_14,24,Large,26.07,15.70,14.04,12.04,5.45,4.87,21.20,VALID,1.00,LOCAL_GRADIENT_STEP,FALSE_SHORT_SHADOW
6_15,1,Medium,11.35,12.50,11.18,0.18,6.50,5.81,5.54,VALID,1.00,RELATIVE_INTENSITY_STEP,FALSE_SHORT_SHADOW
6_15,2,Large,19.22,30.00,26.82,7.60,11.95,10.68,8.54,VALID,1.00,LOCAL_GRADIENT_STEP,FALSE_SHORT_SHADOW
6_15,3,Large,18.41,29.50,26.38,7.97,8.45,7.56,10.85,VALID,1.00,LOCAL_GRADIENT_STEP,FALSE_SHORT_SHADOW
6_15,4,Large,13.42,11.45,10.24,3.18,3.90,3.49,9.93,VALID,1.00,RELATIVE_INTENSITY_STEP,FALSE_SHORT_SHADOW
6_15,5,Medium,5.75,20.10,17.97,12.22,4.35,3.89,1.86,VALID,0.99,LOCAL_GRADIENT_STEP,NONE
6_15,6,Medium,11.37,30.00,26.82,15.45,20.10,17.97,6.60,VALID,1.00,RELATIVE_INTENSITY_STEP,FALSE_LONG_SHADOW
6_15,7,Small,2.38,8.50,7.60,5.22,2.80,2.50,0.12,VALID,1.00,LOCAL_GRADIENT_STEP,NONE
6_15,8,Medium,7.60,13.05,11.67,4.06,4.30,3.84,3.76,VALID,1.00,LOCAL_GRADIENT_STEP,NONE
6_15,9,Large,13.84,17.35,15.51,1.67,3.60,3.22,10.62,VALID,1.00,LOCAL_GRADIENT_STEP,FALSE_SHORT_SHADOW
6_15,10,Medium,8.21,11.40,10.19,1.98,3.45,3.08,5.13,VALID,1.00,LOCAL_GRADIENT_STEP,FALSE_SHORT_SHADOW
6_15,11,Medium,4.60,25.05,22.40,17.80,17.05,15.24,10.65,VALID,1.00,LOCAL_GRADIENT_STEP,FALSE_LONG_SHADOW
6_15,12,Large,12.86,30.00,26.82,13.97,6.75,6.04,6.82,VALID,1.00,LOCAL_GRADIENT_STEP,FALSE_SHORT_SHADOW
6_15,13,Small,2.09,4.60,4.11,2.02,2.25,2.01,0.08,VALID,1.00,LOCAL_GRADIENT_STEP,NONE
6_15,14,Medium,4.60,30.00,26.82,22.22,12.70,11.36,6.75,VALID,1.00,LOCAL_GRADIENT_STEP,FALSE_LONG_SHADOW
6_15,15,Small,3.51,30.00,26.82,23.31,4.95,4.43,0.91,VALID,1.00,LOCAL_GRADIENT_STEP,NONE
6_15,16,Large,15.78,30.00,26.82,11.04,15.20,13.59,2.19,VALID,1.00,LOCAL_GRADIENT_STEP,NONE
6_15,17,Small,1.95,7.70,6.88,4.93,2.80,2.50,0.55,VALID,0.98,SHADOW_SUPPORT_LOST,NONE
6_15,18,Medium,7.20,21.40,19.13,11.93,7.10,6.35,0.85,VALID,1.00,LOCAL_GRADIENT_STEP,NONE
6_15,19,Medium,5.13,17.40,15.56,10.42,4.15,3.71,1.42,VALID,1.00,RELATIVE_INTENSITY_STEP,NONE
6_15,20,Medium,5.78,27.25,24.36,18.58,13.55,12.12,6.33,VALID,1.00,LOCAL_GRADIENT_STEP,FALSE_LONG_SHADOW
6_15,21,Small,3.24,22.90,20.47,17.23,4.30,3.84,0.60,VALID,1.00,LOCAL_GRADIENT_STEP,NONE
6_15,22,Large,15.33,22.10,19.76,4.42,5.95,5.32,10.02,VALID,1.00,LOCAL_GRADIENT_STEP,FALSE_SHORT_SHADOW
6_15,23,Small,2.03,18.75,16.76,14.74,5.65,5.05,3.02,VALID,1.00,LOCAL_GRADIENT_STEP,NONE
6_15,24,Small,2.51,30.00,26.82,24.32,4.05,3.62,1.12,VALID,1.00,LOCAL_GRADIENT_STEP,NONE
6_15,25,Large,12.68,30.00,26.82,14.14,8.60,7.69,4.99,VALID,1.00,LOCAL_GRADIENT_STEP,NONE
6_15,26,Small,2.82,5.40,4.83,2.01,1.95,1.74,1.07,VALID,1.00,LOCAL_GRADIENT_STEP,NONE
6_15,27,Large,14.52,30.00,26.82,12.30,8.05,7.20,7.33,VALID,1.00,RELATIVE_INTENSITY_STEP,FALSE_SHORT_SHADOW
6_15,28,Medium,4.42,19.15,17.12,12.71,3.30,2.95,1.47,VALID,0.98,SHADOW_SUPPORT_LOST,NONE
6_15,29,Small,2.38,5.65,5.05,2.67,2.20,1.97,0.41,VALID,1.00,LOCAL_GRADIENT_STEP,NONE
6_15,30,Small,1.88,10.50,9.39,7.50,1.35,1.21,0.68,VALID,1.00,RELATIVE_INTENSITY_STEP,NONE
6_15,31,Large,13.21,29.20,26.11,12.89,13.45,12.03,1.19,VALID,1.00,LOCAL_GRADIENT_STEP,NONE
6_15,32,Medium,4.08,18.50,16.54,12.46,6.25,5.59,1.51,VALID,1.00,LOCAL_GRADIENT_STEP,NONE
6_15,33,Small,2.72,20.45,18.28,15.56,7.10,6.35,3.63,VALID,1.00,LOCAL_GRADIENT_STEP,NONE
6_15,34,Medium,10.79,30.00,26.82,16.03,23.00,20.56,9.77,VALID,1.00,RELATIVE_INTENSITY_STEP,FALSE_LONG_SHADOW
6_15,35,Small,2.70,13.75,12.29,9.59,3.95,3.53,0.83,VALID,1.00,LOCAL_GRADIENT_STEP,NONE
6_15,36,Medium,6.47,30.00,26.82,20.36,5.75,5.14,1.33,VALID,1.00,LOCAL_GRADIENT_STEP,NONE
6_15,37,Small,2.18,2.25,2.01,0.17,1.75,1.56,0.62,VALID,1.00,SHADOW_SUPPORT_LOST,NONE
6_15,38,Small,2.86,3.30,2.95,0.09,3.05,2.73,0.13,VALID,1.00,LOCAL_GRADIENT_STEP,NONE
6_7,1,Small,3.16,14.30,12.79,9.63,3.95,3.53,0.38,VALID,1.00,LOCAL_GRADIENT_STEP,NONE
6_7,2,Small,2.44,30.00,26.82,24.38,4.75,4.25,1.80,VALID,1.00,LOCAL_GRADIENT_STEP,NONE
6_7,3,Small,2.47,16.05,14.35,11.88,1.65,1.48,0.99,VALID,1.00,LOCAL_GRADIENT_STEP,NONE
6_7,4,Small,2.42,19.50,17.44,15.01,6.40,5.72,3.30,VALID,1.00,LOCAL_GRADIENT_STEP,NONE
6_7,5,Small,2.75,11.75,10.51,7.76,4.80,4.29,1.54,VALID,1.00,LOCAL_GRADIENT_STEP,NONE
6_7,6,Small,2.21,30.00,26.82,24.61,6.45,5.77,3.56,VALID,0.99,LOCAL_GRADIENT_STEP,NONE
6_7,7,Medium,4.34,30.00,26.82,22.48,3.05,2.73,1.62,VALID,1.00,LOCAL_GRADIENT_STEP,NONE
6_7,8,Small,2.35,25.00,22.35,20.01,4.70,4.20,1.86,VALID,1.00,RELATIVE_INTENSITY_STEP,NONE
6_7,9,Medium,7.11,30.00,26.82,19.71,7.85,7.02,0.09,VALID,0.99,LOCAL_GRADIENT_STEP,NONE
6_7,10,Small,2.31,25.70,22.98,20.67,6.95,6.21,3.90,VALID,1.00,RELATIVE_INTENSITY_STEP,NONE
6_7,11,Small,3.09,14.10,12.61,9.51,0.65,0.58,2.51,VALID,1.00,LOCAL_GRADIENT_STEP,NONE
6_7,12,Small,1.79,30.00,26.82,25.03,2.90,2.59,0.80,VALID,1.00,LOCAL_GRADIENT_STEP,NONE
6_7,13,Small,2.15,30.00,26.82,24.68,4.30,3.84,1.70,VALID,1.00,RELATIVE_INTENSITY_STEP,NONE
6_7,14,Small,2.95,30.00,26.82,23.87,7.60,6.80,3.85,VALID,1.00,RELATIVE_INTENSITY_STEP,NONE
6_7,15,Small,2.28,13.65,12.20,9.93,4.80,4.29,2.01,VALID,1.00,LOCAL_GRADIENT_STEP,NONE
6_7,16,Small,2.30,17.05,15.24,12.95,2.00,1.79,0.51,VALID,1.00,LOCAL_GRADIENT_STEP,NONE
6_7,17,Small,2.67,30.00,26.82,24.16,2.15,1.92,0.75,VALID,1.00,LOCAL_GRADIENT_STEP,NONE
6_7,18,Small,2.43,11.45,10.24,7.81,3.35,3.00,0.56,VALID,1.00,LOCAL_GRADIENT_STEP,NONE
6_7,19,Small,2.21,12.20,10.91,8.70,3.25,2.91,0.70,VALID,1.00,LOCAL_GRADIENT_STEP,NONE
6_7,20,Small,3.33,30.00,26.82,23.50,1.00,0.89,2.43,VALID,1.00,LOCAL_GRADIENT_STEP,NONE
6_7,21,Small,1.90,11.95,10.68,8.78,2.00,1.79,0.12,VALID,1.00,LOCAL_GRADIENT_STEP,NONE
6_7,22,Small,2.03,30.00,26.82,24.79,7.30,6.53,4.50,VALID,1.00,LOCAL_GRADIENT_STEP,NONE
6_7,23,Small,1.89,9.30,8.32,6.42,3.85,3.44,1.55,VALID,1.00,LOCAL_GRADIENT_STEP,NONE
6_7,24,Small,2.25,30.00,26.82,24.57,3.75,3.35,1.10,VALID,1.00,LOCAL_GRADIENT_STEP,NONE
6_7,25,Small,2.45,11.60,10.37,7.92,4.65,4.16,1.70,VALID,1.00,LOCAL_GRADIENT_STEP,NONE
6_7,26,Small,2.26,9.35,8.36,6.10,3.20,2.86,0.60,VALID,1.00,LOCAL_GRADIENT_STEP,NONE
6_7,27,Small,1.62,3.05,2.73,1.11,0.45,N/A,N/A,REJECTED,0.00,RELATIVE_INTENSITY_STEP,NO_VALID_SHADOW
6_7,28,Small,1.35,30.00,26.82,25.47,1.50,1.34,0.01,VALID,1.00,LOCAL_GRADIENT_STEP,NONE
6_7,29,Small,2.11,10.10,9.03,6.92,1.25,1.12,0.99,VALID,1.00,LOCAL_GRADIENT_STEP,NONE
6_7,30,Small,1.82,30.00,26.82,25.01,3.45,3.08,1.27,VALID,1.00,LOCAL_GRADIENT_STEP,NONE
6_7,31,Small,3.63,10.55,9.43,5.81,4.30,3.84,0.22,VALID,1.00,LOCAL_GRADIENT_STEP,NONE
6_7,32,Small,1.90,2.00,1.79,0.12,1.15,1.03,0.88,VALID,1.00,LOCAL_GRADIENT_STEP,NONE
6_7,33,Small,2.12,12.40,11.09,8.96,3.05,2.73,0.60,VALID,1.00,LOCAL_GRADIENT_STEP,NONE
6_7,34,Small,2.25,30.00,26.82,24.58,7.10,6.35,4.10,VALID,1.00,RELATIVE_INTENSITY_STEP,NONE
6_7,35,Small,2.15,30.00,26.82,24.68,6.10,5.45,3.31,VALID,1.00,LOCAL_GRADIENT_STEP,NONE
6_7,36,Small,2.31,30.00,26.82,24.52,4.45,3.98,1.67,VALID,1.00,RELATIVE_INTENSITY_STEP,NONE
6_7,37,Small,2.17,30.00,26.82,24.66,2.70,2.41,0.25,VALID,1.00,RELATIVE_INTENSITY_STEP,NONE
6_7,38,Small,3.08,28.90,25.84,22.76,9.40,8.40,5.33,VALID,1.00,LOCAL_GRADIENT_STEP,FALSE_LONG_SHADOW
6_7,39,Small,1.96,30.00,26.82,24.86,3.40,3.04,1.08,VALID,1.00,LOCAL_GRADIENT_STEP,NONE
6_7,40,Small,2.06,17.80,15.92,13.86,5.95,5.32,3.26,VALID,1.00,LOCAL_GRADIENT_STEP,NONE
6_7,41,Small,2.37,30.00,26.82,24.45,3.80,3.40,1.03,VALID,1.00,LOCAL_GRADIENT_STEP,NONE
6_7,42,Small,2.37,30.00,26.82,24.45,1.10,0.98,1.39,VALID,1.00,LOCAL_GRADIENT_STEP,NONE
6_7,43,Small,1.52,30.00,26.82,25.30,9.50,8.49,6.97,VALID,1.00,LOCAL_GRADIENT_STEP,FALSE_LONG_SHADOW
6_7,44,Small,3.01,30.00,26.82,23.82,7.75,6.93,3.92,VALID,1.00,LOCAL_GRADIENT_STEP,NONE
6_7,45,Small,2.66,30.00,26.82,24.17,4.85,4.34,1.68,VALID,1.00,LOCAL_GRADIENT_STEP,NONE
6_7,46,Small,2.99,30.00,26.82,23.83,8.80,7.87,4.88,VALID,1.00,LOCAL_GRADIENT_STEP,NONE
6_7,47,Small,2.96,1.85,1.65,1.31,1.80,1.61,1.35,VALID,1.00,SHADOW_SUPPORT_LOST,NONE
6_7,48,Small,2.91,30.00,26.82,23.91,6.95,6.21,3.30,VALID,1.00,LOCAL_GRADIENT_STEP,NONE
6_7,49,Small,2.81,30.00,26.82,24.01,2.70,2.41,0.40,VALID,1.00,LOCAL_GRADIENT_STEP,NONE
6_7,50,Small,2.56,4.80,4.29,1.73,2.05,1.83,0.73,VALID,1.00,LOCAL_GRADIENT_STEP,NONE
6_7,51,Small,2.12,30.00,26.82,24.70,3.10,2.77,0.65,VALID,1.00,LOCAL_GRADIENT_STEP,NONE
6_7,52,Small,2.00,30.00,26.82,24.82,3.50,3.13,1.13,VALID,1.00,LOCAL_GRADIENT_STEP,NONE
6_7,53,Small,2.27,30.00,26.82,24.55,4.25,3.80,1.53,VALID,1.00,LOCAL_GRADIENT_STEP,NONE
6_7,54,Small,2.85,11.80,10.55,7.70,2.15,1.92,0.93,VALID,1.00,LOCAL_GRADIENT_STEP,NONE
6_7,55,Small,1.80,22.90,20.47,18.67,1.20,1.07,0.73,VALID,1.00,RELATIVE_INTENSITY_STEP,NONE
6_7,56,Small,1.91,19.60,17.52,15.62,2.80,2.50,0.59,VALID,1.00,LOCAL_GRADIENT_STEP,NONE
6_7,57,Small,2.22,7.95,7.11,4.89,3.95,3.53,1.31,VALID,1.00,LOCAL_GRADIENT_STEP,NONE
6_7,58,Small,1.92,12.80,11.44,9.53,1.65,1.48,0.44,VALID,1.00,LOCAL_GRADIENT_STEP,NONE
6_7,59,Small,1.97,30.00,26.82,24.85,2.55,2.28,0.31,VALID,1.00,LOCAL_GRADIENT_STEP,NONE
6_7,60,Small,1.64,30.00,26.82,25.19,0.90,0.80,0.83,VALID,1.00,LOCAL_GRADIENT_STEP,NONE
6_7,61,Small,2.46,8.15,7.29,4.82,7.90,7.06,4.60,VALID,1.00,LOCAL_GRADIENT_STEP,NONE
6_7,62,Small,2.10,24.60,21.99,19.89,3.90,3.49,1.38,VALID,1.00,LOCAL_GRADIENT_STEP,NONE
6_7,63,Small,2.24,2.00,1.79,0.46,1.05,0.94,1.31,VALID,1.00,LOCAL_GRADIENT_STEP,NONE
6_7,64,Small,1.63,30.00,26.82,25.19,0.75,0.67,0.96,VALID,1.00,LOCAL_GRADIENT_STEP,NONE
6_7,65,Large,12.35,30.00,26.82,14.47,10.05,8.99,3.36,VALID,1.00,RELATIVE_INTENSITY_STEP,NONE
6_7,66,Medium,4.23,30.00,26.82,22.60,4.10,3.67,0.56,VALID,1.00,LOCAL_GRADIENT_STEP,NONE
6_7,67,Small,2.72,30.00,26.82,24.10,4.95,4.43,1.70,VALID,1.00,LOCAL_GRADIENT_STEP,NONE
6_7,68,Small,1.52,13.15,11.76,10.24,1.35,1.21,0.31,VALID,1.00,LOCAL_GRADIENT_STEP,NONE
6_7,69,Small,2.12,11.25,10.06,7.94,7.05,6.30,4.19,VALID,1.00,RELATIVE_INTENSITY_STEP,NONE
6_7,70,Small,1.68,22.55,20.16,18.48,1.00,0.89,0.79,VALID,1.00,LOCAL_GRADIENT_STEP,NONE
6_7,71,Small,2.57,14.45,12.92,10.35,2.60,2.32,0.25,VALID,1.00,LOCAL_GRADIENT_STEP,NONE
6_7,72,Small,1.78,8.90,7.96,6.18,3.10,2.77,1.00,VALID,1.00,LOCAL_GRADIENT_STEP,NONE
6_7,73,Small,1.78,12.60,11.27,9.49,4.95,4.43,2.65,VALID,1.00,RELATIVE_INTENSITY_STEP,NONE
6_7,74,Small,3.00,11.45,10.24,7.24,2.30,2.06,0.94,VALID,1.00,LOCAL_GRADIENT_STEP,NONE
6_7,75,Small,2.33,30.00,26.82,24.49,2.00,1.79,0.54,VALID,1.00,LOCAL_GRADIENT_STEP,NONE
6_7,76,Small,2.42,17.30,15.47,13.05,4.70,4.20,1.78,VALID,1.00,LOCAL_GRADIENT_STEP,NONE
6_7,77,Small,3.53,30.00,26.82,23.29,1.85,1.65,1.88,VALID,1.00,LOCAL_GRADIENT_STEP,NONE
6_7,78,Small,2.41,14.80,13.23,10.82,8.35,7.47,5.05,VALID,1.00,LOCAL_GRADIENT_STEP,FALSE_LONG_SHADOW
6_7,79,Small,3.17,30.00,26.82,23.65,3.05,2.73,0.44,VALID,1.00,RELATIVE_INTENSITY_STEP,NONE
6_7,80,Small,2.72,30.00,26.82,24.10,5.90,5.28,2.55,VALID,1.00,LOCAL_GRADIENT_STEP,NONE
6_7,81,Small,1.95,30.00,26.82,24.87,2.10,1.88,0.08,VALID,0.98,LOCAL_GRADIENT_STEP,NONE
6_7,82,Small,2.19,19.80,17.70,15.52,1.95,1.74,0.44,VALID,1.00,LOCAL_GRADIENT_STEP,NONE
6_7,83,Small,1.90,30.00,26.82,24.93,2.25,2.01,0.12,VALID,1.00,RELATIVE_INTENSITY_STEP,NONE
6_7,84,Small,2.22,15.00,13.41,11.19,4.35,3.89,1.67,VALID,1.00,LOCAL_GRADIENT_STEP,NONE
6_7,85,Small,1.86,19.10,17.08,15.22,0.85,0.76,1.10,VALID,1.00,LOCAL_GRADIENT_STEP,NONE
6_7,86,Small,2.16,30.00,26.82,24.66,1.55,1.39,0.78,VALID,1.00,LOCAL_GRADIENT_STEP,NONE
6_7,87,Small,2.41,30.00,26.82,24.42,4.15,3.71,1.30,VALID,1.00,LOCAL_GRADIENT_STEP,NONE
6_7,88,Small,2.54,19.40,17.35,14.81,1.70,1.52,1.02,VALID,1.00,LOCAL_GRADIENT_STEP,NONE
6_7,89,Small,2.81,7.65,6.84,4.03,1.20,1.07,1.73,VALID,1.00,LOCAL_GRADIENT_STEP,NONE
6_7,90,Small,2.83,30.00,26.82,23.99,1.15,1.03,1.80,VALID,1.00,LOCAL_GRADIENT_STEP,NONE
6_7,91,Large,15.48,30.00,26.82,11.35,15.15,13.55,1.93,VALID,1.00,LOCAL_GRADIENT_STEP,NONE
6_7,92,Small,2.61,15.15,13.55,10.93,9.35,8.36,5.75,VALID,1.00,LOCAL_GRADIENT_STEP,FALSE_LONG_SHADOW
6_7,93,Small,0.85,3.95,3.53,2.68,2.75,2.46,1.61,VALID,1.00,LOCAL_GRADIENT_STEP,NONE
6_7,94,Small,1.56,4.80,4.29,2.73,0.50,0.45,1.12,VALID,1.00,LOCAL_GRADIENT_STEP,NONE
6_7,95,Small,2.21,10.45,9.34,7.14,1.80,1.61,0.60,VALID,1.00,LOCAL_GRADIENT_STEP,NONE
6_7,96,Small,2.32,30.00,26.82,24.51,4.90,4.38,2.07,VALID,1.00,LOCAL_GRADIENT_STEP,NONE
6_7,97,Small,2.64,29.50,26.38,23.74,3.40,3.04,0.40,VALID,1.00,RELATIVE_INTENSITY_STEP,NONE
6_7,98,Small,2.08,30.00,26.82,24.75,2.00,1.79,0.29,VALID,1.00,RELATIVE_INTENSITY_STEP,NONE
6_7,99,Small,2.40,30.00,26.82,24.43,3.15,2.82,0.42,VALID,1.00,LOCAL_GRADIENT_STEP,NONE
6_7,100,Small,2.22,13.15,11.76,9.53,2.45,2.19,0.03,VALID,1.00,LOCAL_GRADIENT_STEP,NONE
6_7,101,Small,2.16,30.00,26.82,24.67,1.05,0.94,1.22,VALID,1.00,LOCAL_GRADIENT_STEP,NONE
6_7,102,Small,2.14,12.15,10.86,8.73,1.15,1.03,1.11,VALID,1.00,LOCAL_GRADIENT_STEP,NONE
6_7,103,Small,3.17,30.00,26.82,23.66,5.70,5.10,1.93,VALID,1.00,LOCAL_GRADIENT_STEP,NONE
6_7,104,Small,2.01,10.40,9.30,7.28,2.55,2.28,0.27,VALID,1.00,LOCAL_GRADIENT_STEP,NONE
6_7,105,Small,2.30,24.60,21.99,19.69,2.95,2.64,0.34,VALID,1.00,RELATIVE_INTENSITY_STEP,NONE
6_7,106,Small,2.63,29.05,25.97,23.34,1.50,1.34,1.29,VALID,1.00,LOCAL_GRADIENT_STEP,NONE
6_7,107,Small,1.93,13.75,12.29,10.36,3.15,2.82,0.88,VALID,1.00,LOCAL_GRADIENT_STEP,NONE
6_7,108,Small,1.93,30.00,26.82,24.90,3.80,3.40,1.47,VALID,1.00,LOCAL_GRADIENT_STEP,NONE
6_7,109,Small,2.96,30.00,26.82,23.86,6.05,5.41,2.45,VALID,1.00,LOCAL_GRADIENT_STEP,NONE
6_7,110,Small,1.78,26.10,23.34,21.55,0.30,N/A,N/A,REJECTED,0.00,RELATIVE_INTENSITY_STEP,NO_VALID_SHADOW
6_7,111,Small,2.12,30.00,26.82,24.70,0.70,0.63,1.50,VALID,1.00,LOCAL_GRADIENT_STEP,NONE
6_7,112,Small,1.68,13.00,11.62,9.95,1.55,1.39,0.29,VALID,1.00,LOCAL_GRADIENT_STEP,NONE
6_7,113,Small,2.99,16.50,14.75,11.76,5.05,4.52,1.52,VALID,1.00,LOCAL_GRADIENT_STEP,NONE
6_7,114,Small,2.42,20.30,18.15,15.73,3.95,3.53,1.11,VALID,1.00,LOCAL_GRADIENT_STEP,NONE
6_7,115,Small,2.74,30.00,26.82,24.09,1.55,1.39,1.35,VALID,1.00,LOCAL_GRADIENT_STEP,NONE
6_7,116,Medium,9.66,30.00,26.82,17.17,5.40,4.83,4.83,VALID,1.00,LOCAL_GRADIENT_STEP,NONE
6_7,117,Large,18.70,25.35,22.67,3.97,5.75,5.14,13.56,VALID,1.00,LOCAL_GRADIENT_STEP,FALSE_SHORT_SHADOW
6_7,118,Small,1.55,30.00,26.82,25.27,0.70,0.63,0.93,VALID,1.00,RELATIVE_INTENSITY_STEP,NONE
6_7,119,Medium,4.88,29.80,26.64,21.77,5.30,4.74,0.14,VALID,1.00,LOCAL_GRADIENT_STEP,NONE
6_7,120,Small,3.93,30.00,26.82,22.90,8.90,7.96,4.03,VALID,1.00,LOCAL_GRADIENT_STEP,NONE
6_7,121,Medium,7.48,22.45,20.07,12.59,8.55,7.64,0.16,VALID,1.00,LOCAL_GRADIENT_STEP,NONE
6_7,122,Large,14.17,30.00,26.82,12.66,11.95,10.68,3.48,VALID,1.00,RELATIVE_INTENSITY_STEP,NONE
6_7,123,Small,2.51,18.15,16.23,13.72,0.95,0.85,1.66,VALID,1.00,LOCAL_GRADIENT_STEP,NONE
6_7,124,Small,2.90,30.00,26.82,23.92,2.75,2.46,0.44,VALID,1.00,LOCAL_GRADIENT_STEP,NONE
6_7,125,Medium,4.74,30.00,26.82,22.09,4.75,4.25,0.49,VALID,1.00,RELATIVE_INTENSITY_STEP,NONE
6_7,126,Large,17.73,30.00,26.82,9.09,8.40,7.51,10.22,VALID,1.00,LOCAL_GRADIENT_STEP,FALSE_SHORT_SHADOW
6_7,127,Small,1.87,17.75,15.87,14.00,2.25,2.01,0.14,VALID,1.00,LOCAL_GRADIENT_STEP,NONE
6_7,128,Small,1.73,30.00,26.82,25.09,0.55,0.49,1.24,VALID,1.00,LOCAL_GRADIENT_STEP,NONE
6_7,129,Small,2.79,23.70,21.19,18.40,5.10,4.56,1.77,VALID,1.00,RELATIVE_INTENSITY_STEP,NONE
6_7,130,Small,2.27,22.60,20.21,17.93,1.50,1.34,0.93,VALID,1.00,LOCAL_GRADIENT_STEP,NONE
6_7,131,Medium,5.89,8.45,7.56,1.67,4.00,3.58,2.31,VALID,1.00,RELATIVE_INTENSITY_STEP,NONE
6_7,132,Small,2.07,15.60,13.95,11.88,0.75,0.67,1.40,VALID,1.00,LOCAL_GRADIENT_STEP,NONE
6_7,133,Small,2.01,30.00,26.82,24.82,1.80,1.61,0.40,VALID,1.00,RELATIVE_INTENSITY_STEP,NONE
6_7,134,Medium,6.81,30.00,26.82,20.01,4.05,3.62,3.19,VALID,0.99,LOCAL_GRADIENT_STEP,NONE
6_7,135,Small,3.25,30.00,26.82,23.57,9.00,8.05,4.79,VALID,1.00,LOCAL_GRADIENT_STEP,NONE
6_7,136,Small,2.10,20.00,17.88,15.78,2.05,1.83,0.27,VALID,1.00,LOCAL_GRADIENT_STEP,NONE
6_7,137,Small,2.73,4.40,3.93,1.21,0.85,0.76,1.97,VALID,1.00,RELATIVE_INTENSITY_STEP,NONE
6_7,138,Small,2.32,30.00,26.82,24.51,4.25,3.80,1.48,VALID,1.00,LOCAL_GRADIENT_STEP,NONE
6_7,139,Small,3.41,3.55,3.17,0.24,1.25,1.12,2.29,VALID,1.00,RELATIVE_INTENSITY_STEP,NONE
6_7,140,Medium,6.48,30.00,26.82,20.35,7.75,6.93,0.45,VALID,1.00,LOCAL_GRADIENT_STEP,NONE
6_7,141,Large,13.33,16.70,14.93,1.60,5.00,4.47,8.86,VALID,1.00,LOCAL_GRADIENT_STEP,FALSE_SHORT_SHADOW
6_7,142,Small,2.14,30.00,26.82,24.68,4.90,4.38,2.24,VALID,1.00,RELATIVE_INTENSITY_STEP,NONE
6_7,143,Medium,9.26,30.00,26.82,17.56,13.20,11.80,2.54,VALID,1.00,RELATIVE_INTENSITY_STEP,NONE
6_7,144,Small,2.12,16.50,14.75,12.63,1.40,1.25,0.87,VALID,1.00,LOCAL_GRADIENT_STEP,NONE
6_7,145,Medium,4.47,24.60,21.99,17.52,1.95,1.74,2.73,VALID,1.00,LOCAL_GRADIENT_STEP,NONE
6_7,146,Medium,8.13,30.00,26.82,18.70,6.30,5.63,2.49,VALID,1.00,SHADOW_SUPPORT_LOST,NONE
6_7,147,Medium,7.16,29.75,26.60,19.44,6.05,5.41,1.75,VALID,1.00,LOCAL_GRADIENT_STEP,NONE
6_7,148,Small,2.81,8.30,7.42,4.61,3.15,2.82,0.01,VALID,1.00,RELATIVE_INTENSITY_STEP,NONE
6_7,149,Medium,4.78,24.70,22.08,17.31,5.20,4.65,0.13,VALID,1.00,LOCAL_GRADIENT_STEP,NONE
6_7,150,Large,15.76,30.00,26.82,11.07,11.80,10.55,5.21,VALID,1.00,LOCAL_GRADIENT_STEP,FALSE_SHORT_SHADOW
6_7,151,Large,12.81,28.25,25.26,12.45,1.70,1.52,11.29,VALID,1.00,LOCAL_GRADIENT_STEP,FALSE_SHORT_SHADOW
6_7,152,Medium,10.72,26.20,23.43,12.70,10.10,9.03,1.69,VALID,1.00,LOCAL_GRADIENT_STEP,NONE
6_7,153,Large,18.98,20.75,18.55,0.43,10.00,8.94,10.04,VALID,1.00,LOCAL_GRADIENT_STEP,FALSE_SHORT_SHADOW
6_7,154,Medium,9.16,30.00,26.82,17.67,16.05,14.35,5.19,VALID,1.00,LOCAL_GRADIENT_STEP,FALSE_LONG_SHADOW
6_7,155,Large,12.08,19.10,17.08,5.00,1.40,1.25,10.83,VALID,1.00,RELATIVE_INTENSITY_STEP,FALSE_SHORT_SHADOW
6_7,156,Medium,9.64,12.05,10.77,1.13,7.65,6.84,2.80,VALID,1.00,LOCAL_GRADIENT_STEP,NONE
6_7,157,Medium,10.35,25.75,23.02,12.67,14.50,12.96,2.61,VALID,1.00,LOCAL_GRADIENT_STEP,NONE
6_7,158,Medium,7.11,15.90,14.22,7.10,8.50,7.60,0.49,VALID,1.00,LOCAL_GRADIENT_STEP,NONE
6_7,159,Medium,7.69,30.00,26.82,19.13,9.40,8.40,0.71,VALID,0.99,LOCAL_GRADIENT_STEP,NONE
6_7,160,Large,16.19,20.25,18.11,1.91,3.65,3.26,12.93,VALID,1.00,LOCAL_GRADIENT_STEP,FALSE_SHORT_SHADOW
6_7,161,Medium,7.77,12.25,10.95,3.18,5.95,5.32,2.45,VALID,1.00,LOCAL_GRADIENT_STEP,NONE
6_7,162,Medium,5.89,30.00,26.82,20.94,8.60,7.69,1.80,VALID,1.00,LOCAL_GRADIENT_STEP,NONE
6_7,163,Small,2.87,14.45,12.92,10.05,1.45,1.30,1.57,VALID,1.00,LOCAL_GRADIENT_STEP,NONE
6_7,164,Medium,9.08,30.00,26.82,17.75,6.90,6.17,2.91,VALID,1.00,LOCAL_GRADIENT_STEP,NONE
6_7,165,Medium,6.18,30.00,26.82,20.64,10.15,9.08,2.89,VALID,1.00,LOCAL_GRADIENT_STEP,NONE
6_7,166,Small,2.92,11.05,9.88,6.95,6.85,6.12,3.20,VALID,1.00,RELATIVE_INTENSITY_STEP,NONE
6_7,167,Medium,6.92,20.95,18.73,11.81,4.95,4.43,2.50,VALID,1.00,LOCAL_GRADIENT_STEP,NONE
6_8,1,Large,14.05,15.10,13.50,0.55,9.70,8.67,5.37,VALID,1.00,SHADOW_SUPPORT_LOST,FALSE_SHORT_SHADOW
6_8,2,Small,1.99,2.60,2.32,0.34,2.40,2.15,0.16,VALID,1.00,SHADOW_SUPPORT_LOST,NONE
6_8,3,Medium,7.92,0.45,0.40,7.51,0.65,0.58,7.34,VALID,1.00,SHADOW_SUPPORT_LOST,FALSE_SHORT_SHADOW
6_8,4,Medium,4.83,0.10,0.09,4.74,0.10,N/A,N/A,REJECTED,0.00,SHADOW_SUPPORT_LOST,NO_VALID_SHADOW
6_8,5,Large,12.64,13.05,11.67,0.97,4.70,4.20,8.44,VALID,1.00,SHADOW_SUPPORT_LOST,FALSE_SHORT_SHADOW
6_8,6,Medium,4.92,22.60,20.21,15.29,6.55,5.86,0.94,VALID,1.00,LOCAL_GRADIENT_STEP,NONE
6_8,7,Medium,8.16,21.45,19.18,11.02,11.40,10.19,2.03,VALID,1.00,LOCAL_GRADIENT_STEP,NONE
6_8,8,Small,2.15,13.80,12.34,10.19,2.80,2.50,0.35,VALID,1.00,LOCAL_GRADIENT_STEP,NONE
6_8,9,Medium,4.17,30.00,26.82,22.65,5.30,4.74,0.57,VALID,1.00,LOCAL_GRADIENT_STEP,NONE
6_8,10,Medium,4.33,3.55,3.17,1.15,1.90,1.70,2.63,VALID,1.00,RELATIVE_INTENSITY_STEP,NONE
6_8,11,Medium,8.37,0.95,0.85,7.52,0.45,N/A,N/A,REJECTED,0.00,SHADOW_SUPPORT_LOST,NO_VALID_SHADOW
6_8,12,Small,1.57,30.00,26.82,25.26,1.00,0.89,0.67,VALID,1.00,LOCAL_GRADIENT_STEP,NONE
6_8,13,Medium,9.51,30.00,26.82,17.31,5.30,4.74,4.78,VALID,0.98,LOCAL_GRADIENT_STEP,NONE
6_8,14,Small,2.48,25.15,22.49,20.01,4.15,3.71,1.23,VALID,1.00,LOCAL_GRADIENT_STEP,NONE
6_8,15,Medium,6.39,27.90,24.95,18.56,13.95,12.47,6.09,VALID,0.99,LOCAL_GRADIENT_STEP,FALSE_LONG_SHADOW
6_8,16,Small,3.52,30.00,26.82,23.31,10.15,9.08,5.56,VALID,1.00,LOCAL_GRADIENT_STEP,FALSE_LONG_SHADOW
6_8,17,Small,2.72,23.95,21.41,18.70,8.80,7.87,5.15,VALID,1.00,LOCAL_GRADIENT_STEP,FALSE_LONG_SHADOW
6_8,18,Small,2.50,30.00,26.82,24.32,2.25,2.01,0.49,VALID,1.00,LOCAL_GRADIENT_STEP,NONE
6_8,19,Medium,4.83,30.00,26.82,22.00,4.35,3.89,0.94,VALID,1.00,LOCAL_GRADIENT_STEP,NONE
6_8,20,Medium,4.37,17.60,15.74,11.36,3.00,2.68,1.69,VALID,1.00,LOCAL_GRADIENT_STEP,NONE
6_8,21,Small,1.59,30.00,26.82,25.24,5.35,4.78,3.20,VALID,1.00,LOCAL_GRADIENT_STEP,NONE
6_8,22,Small,1.81,14.30,12.79,10.97,3.40,3.04,1.23,VALID,1.00,LOCAL_GRADIENT_STEP,NONE
6_8,23,Small,1.97,20.90,18.69,16.72,11.80,10.55,8.59,VALID,1.00,LOCAL_GRADIENT_STEP,FALSE_LONG_SHADOW
6_8,24,Small,3.08,10.25,9.16,6.08,3.80,3.40,0.31,VALID,0.99,RELATIVE_INTENSITY_STEP,NONE
6_8,25,Small,1.75,30.00,26.82,25.07,5.70,5.10,3.35,VALID,1.00,LOCAL_GRADIENT_STEP,NONE
6_8,26,Small,2.06,29.60,26.47,24.40,5.80,5.19,3.12,VALID,1.00,LOCAL_GRADIENT_STEP,NONE
6_8,27,Small,2.31,8.20,7.33,5.03,2.30,2.06,0.25,VALID,1.00,LOCAL_GRADIENT_STEP,NONE
6_8,28,Medium,4.60,30.00,26.82,22.22,4.30,3.84,0.76,VALID,0.99,LOCAL_GRADIENT_STEP,NONE
6_8,29,Small,1.88,30.00,26.82,24.94,4.70,4.20,2.32,VALID,1.00,LOCAL_GRADIENT_STEP,NONE
6_8,30,Small,1.69,30.00,26.82,25.13,1.45,1.30,0.39,VALID,1.00,LOCAL_GRADIENT_STEP,NONE
6_8,31,Small,3.58,4.30,3.84,0.27,3.05,2.73,0.85,VALID,0.98,LOCAL_GRADIENT_STEP,NONE
6_8,32,Small,2.31,30.00,26.82,24.52,10.95,9.79,7.49,VALID,1.00,LOCAL_GRADIENT_STEP,FALSE_LONG_SHADOW
6_8,33,Small,1.67,12.70,11.36,9.68,0.90,0.80,0.87,VALID,1.00,LOCAL_GRADIENT_STEP,NONE
6_8,34,Small,1.78,30.00,26.82,25.04,4.65,4.16,2.37,VALID,1.00,LOCAL_GRADIENT_STEP,NONE
6_8,35,Small,1.46,4.75,4.25,2.79,4.25,3.80,2.34,VALID,1.00,RELATIVE_INTENSITY_STEP,NONE
6_8,36,Small,2.87,30.00,26.82,23.96,3.65,3.26,0.40,VALID,1.00,LOCAL_GRADIENT_STEP,NONE
6_8,37,Small,1.27,8.80,7.87,6.60,3.85,3.44,2.17,VALID,0.99,LOCAL_GRADIENT_STEP,NONE
6_8,38,Small,2.36,30.00,26.82,24.47,1.20,1.07,1.28,VALID,1.00,LOCAL_GRADIENT_STEP,NONE
6_8,39,Small,3.66,30.00,26.82,23.16,8.65,7.73,4.07,VALID,1.00,LOCAL_GRADIENT_STEP,NONE
6_8,40,Medium,4.45,22.40,20.03,15.58,7.05,6.30,1.85,VALID,1.00,LOCAL_GRADIENT_STEP,NONE
6_8,41,Medium,11.17,30.00,26.82,15.65,15.90,14.22,3.05,VALID,1.00,LOCAL_GRADIENT_STEP,NONE
6_8,42,Medium,6.60,30.00,26.82,20.22,15.60,13.95,7.34,VALID,1.00,RELATIVE_INTENSITY_STEP,FALSE_LONG_SHADOW
6_8,43,Medium,11.96,30.00,26.82,14.86,6.65,5.95,6.02,VALID,0.99,SHADOW_SUPPORT_LOST,FALSE_SHORT_SHADOW
6_8,44,Small,3.18,30.00,26.82,23.65,8.25,7.38,4.20,VALID,0.99,LOCAL_GRADIENT_STEP,NONE
6_8,45,Medium,4.63,17.60,15.74,11.11,8.80,7.87,3.24,VALID,0.99,LOCAL_GRADIENT_STEP,NONE
6_8,46,Medium,10.49,30.00,26.82,16.33,3.75,3.35,7.14,VALID,1.00,LOCAL_GRADIENT_STEP,FALSE_SHORT_SHADOW
6_8,47,Large,20.04,30.00,26.82,6.79,22.85,20.43,0.39,VALID,1.00,LOCAL_GRADIENT_STEP,NONE
6_8,48,Small,3.14,6.50,5.81,2.67,3.70,3.31,0.17,VALID,1.00,LOCAL_GRADIENT_STEP,NONE
6_8,49,Large,13.52,12.20,10.91,2.61,7.90,7.06,6.46,VALID,1.00,LOCAL_GRADIENT_STEP,FALSE_SHORT_SHADOW
6_8,50,Medium,4.32,18.00,16.09,11.78,2.45,2.19,2.13,VALID,1.00,LOCAL_GRADIENT_STEP,NONE
6_8,51,Large,16.66,30.00,26.82,10.16,11.10,9.92,6.74,VALID,1.00,LOCAL_GRADIENT_STEP,FALSE_SHORT_SHADOW
6_8,52,Large,18.90,30.00,26.82,7.93,11.20,10.01,8.88,VALID,1.00,LOCAL_GRADIENT_STEP,FALSE_SHORT_SHADOW
6_8,53,Large,18.86,30.00,26.82,7.96,22.30,19.94,1.07,VALID,1.00,LOCAL_GRADIENT_STEP,NONE
6_8,54,Small,4.00,15.05,13.46,9.46,8.20,7.33,3.33,VALID,1.00,SHADOW_SUPPORT_LOST,NONE
6_8,55,Small,2.97,6.95,6.21,3.25,3.65,3.26,0.30,VALID,1.00,LOCAL_GRADIENT_STEP,NONE
6_8,56,Medium,6.34,29.85,26.69,20.35,23.30,20.83,14.50,VALID,1.00,LOCAL_GRADIENT_STEP,FALSE_LONG_SHADOW
6_8,57,Medium,6.91,30.00,26.82,19.91,8.75,7.82,0.91,VALID,1.00,LOCAL_GRADIENT_STEP,NONE
6_8,58,Medium,11.43,2.15,1.92,9.50,0.75,0.67,10.76,VALID,1.00,SHADOW_SUPPORT_LOST,FALSE_SHORT_SHADOW
6_8,59,Large,15.57,30.00,26.82,11.26,11.50,10.28,5.28,VALID,1.00,LOCAL_GRADIENT_STEP,FALSE_SHORT_SHADOW
6_8,60,Small,1.90,12.15,10.86,8.96,8.30,7.42,5.52,VALID,1.00,RELATIVE_INTENSITY_STEP,FALSE_LONG_SHADOW
6_8,61,Small,2.65,9.80,8.76,6.11,9.30,8.32,5.66,VALID,1.00,LOCAL_GRADIENT_STEP,FALSE_LONG_SHADOW
6_8,62,Small,2.06,25.05,22.40,20.34,5.05,4.52,2.45,VALID,1.00,LOCAL_GRADIENT_STEP,NONE
6_8,63,Large,17.92,20.65,18.46,0.54,3.15,2.82,15.11,VALID,1.00,LOCAL_GRADIENT_STEP,FALSE_SHORT_SHADOW
6_9,1,Large,14.76,30.00,26.82,12.06,7.65,6.84,7.92,VALID,1.00,LOCAL_GRADIENT_STEP,FALSE_SHORT_SHADOW
6_9,2,Medium,7.06,4.95,4.43,2.63,2.05,1.83,5.23,VALID,1.00,LOCAL_GRADIENT_STEP,FALSE_SHORT_SHADOW
6_9,3,Medium,5.77,7.10,6.35,0.57,5.25,4.69,1.08,VALID,1.00,LOCAL_GRADIENT_STEP,NONE
6_9,4,Small,2.29,30.00,26.82,24.53,3.15,2.82,0.53,VALID,1.00,RELATIVE_INTENSITY_STEP,NONE
6_9,5,Small,2.63,27.85,24.90,22.27,2.90,2.59,0.04,VALID,1.00,LOCAL_GRADIENT_STEP,NONE
6_9,6,Small,2.48,27.05,24.19,21.71,2.50,2.24,0.24,VALID,1.00,LOCAL_GRADIENT_STEP,NONE
6_9,7,Small,3.57,30.00,26.82,23.25,2.30,2.06,1.51,VALID,1.00,LOCAL_GRADIENT_STEP,NONE
6_9,8,Small,1.93,30.00,26.82,24.89,1.15,1.03,0.91,VALID,1.00,LOCAL_GRADIENT_STEP,NONE
6_9,9,Small,0.80,20.60,18.42,17.62,4.30,3.84,3.04,VALID,1.00,LOCAL_GRADIENT_STEP,NONE
6_9,10,Small,1.66,23.35,20.88,19.22,3.65,3.26,1.60,VALID,1.00,LOCAL_GRADIENT_STEP,NONE
6_9,11,Small,2.70,30.00,26.82,24.12,6.95,6.21,3.51,VALID,1.00,RELATIVE_INTENSITY_STEP,NONE
6_9,12,Small,3.41,30.00,26.82,23.42,7.30,6.53,3.12,VALID,1.00,LOCAL_GRADIENT_STEP,NONE
6_9,13,Small,1.61,22.00,19.67,18.07,2.30,2.06,0.45,VALID,1.00,LOCAL_GRADIENT_STEP,NONE
6_9,14,Medium,9.88,22.30,19.94,10.06,7.50,6.71,3.17,VALID,1.00,LOCAL_GRADIENT_STEP,NONE
6_9,15,Small,3.54,30.00,26.82,23.28,6.60,5.90,2.36,VALID,1.00,RELATIVE_INTENSITY_STEP,NONE
6_9,16,Small,2.56,12.00,10.73,8.17,3.20,2.86,0.30,VALID,1.00,LOCAL_GRADIENT_STEP,NONE
6_9,17,Small,2.38,8.55,7.64,5.27,5.60,5.01,2.63,VALID,1.00,LOCAL_GRADIENT_STEP,NONE
6_9,18,Large,15.16,30.00,26.82,11.66,20.90,18.69,3.52,VALID,1.00,LOCAL_GRADIENT_STEP,NONE
6_9,19,Small,1.92,30.00,26.82,24.91,3.45,3.08,1.17,VALID,1.00,LOCAL_GRADIENT_STEP,NONE
6_9,20,Large,19.67,30.00,26.82,7.15,11.95,10.68,8.99,VALID,1.00,RELATIVE_INTENSITY_STEP,FALSE_SHORT_SHADOW
6_9,21,Medium,4.14,30.00,26.82,22.68,11.65,10.42,6.27,VALID,1.00,LOCAL_GRADIENT_STEP,FALSE_LONG_SHADOW
6_9,22,Large,18.11,30.00,26.82,8.71,16.60,14.84,3.27,VALID,1.00,LOCAL_GRADIENT_STEP,NONE
6_9,23,Small,2.17,25.65,22.93,20.76,3.85,3.44,1.27,VALID,1.00,LOCAL_GRADIENT_STEP,NONE
6_9,24,Small,3.66,14.95,13.37,9.70,5.40,4.83,1.16,VALID,1.00,LOCAL_GRADIENT_STEP,NONE
6_9,25,Small,3.65,30.00,26.82,23.18,4.60,4.11,0.46,VALID,1.00,RELATIVE_INTENSITY_STEP,NONE
6_9,26,Large,16.88,15.05,13.46,3.42,2.90,2.59,14.29,VALID,1.00,LOCAL_GRADIENT_STEP,FALSE_SHORT_SHADOW
6_9,27,Small,2.28,24.00,21.46,19.18,1.60,1.43,0.85,VALID,1.00,LOCAL_GRADIENT_STEP,NONE
6_9,28,Large,13.25,30.00,26.82,13.57,10.55,9.43,3.82,VALID,1.00,LOCAL_GRADIENT_STEP,NONE
6_9,29,Small,2.51,30.00,26.82,24.31,2.75,2.46,0.06,VALID,1.00,LOCAL_GRADIENT_STEP,NONE
6_9,30,Medium,8.55,30.00,26.82,18.27,12.45,11.13,2.58,VALID,1.00,RELATIVE_INTENSITY_STEP,NONE
6_9,31,Small,3.94,16.40,14.66,10.72,0.90,0.80,3.14,VALID,1.00,LOCAL_GRADIENT_STEP,NONE
6_9,32,Large,12.86,30.00,26.82,13.96,25.85,23.11,10.25,VALID,1.00,LOCAL_GRADIENT_STEP,FALSE_LONG_SHADOW
6_9,33,Small,2.30,13.60,12.16,9.86,1.10,0.98,1.32,VALID,1.00,LOCAL_GRADIENT_STEP,NONE
6_9,34,Large,14.02,30.00,26.82,12.81,8.60,7.69,6.33,VALID,1.00,LOCAL_GRADIENT_STEP,FALSE_SHORT_SHADOW
6_9,35,Large,13.39,30.00,26.82,13.43,9.10,8.14,5.26,VALID,1.00,LOCAL_GRADIENT_STEP,FALSE_SHORT_SHADOW
6_9,36,Small,3.58,30.00,26.82,23.25,5.75,5.14,1.56,VALID,1.00,LOCAL_GRADIENT_STEP,NONE
6_9,37,Small,2.58,30.00,26.82,24.24,0.90,0.80,1.78,VALID,1.00,LOCAL_GRADIENT_STEP,NONE
6_9,38,Large,16.68,30.00,26.82,10.15,5.60,5.01,11.67,VALID,1.00,LOCAL_GRADIENT_STEP,FALSE_SHORT_SHADOW
6_9,39,Large,16.52,30.00,26.82,10.30,12.60,11.27,5.26,VALID,1.00,RELATIVE_INTENSITY_STEP,FALSE_SHORT_SHADOW
6_9,40,Large,17.83,30.00,26.82,8.99,20.70,18.51,0.68,VALID,1.00,LOCAL_GRADIENT_STEP,NONE
6_9,41,Large,18.13,30.00,26.82,8.69,9.65,8.63,9.50,VALID,1.00,RELATIVE_INTENSITY_STEP,FALSE_SHORT_SHADOW
6_9,42,Small,2.78,30.00,26.82,24.04,13.05,11.67,8.89,VALID,1.00,LOCAL_GRADIENT_STEP,FALSE_LONG_SHADOW
6_9,43,Medium,4.69,30.00,26.82,22.13,5.30,4.74,0.05,VALID,1.00,LOCAL_GRADIENT_STEP,NONE
6_9,44,Large,17.01,18.25,16.32,0.69,7.65,6.84,10.17,VALID,1.00,SHADOW_SUPPORT_LOST,FALSE_SHORT_SHADOW
6_9,45,Small,3.00,30.00,26.82,23.83,5.40,4.83,1.83,VALID,1.00,LOCAL_GRADIENT_STEP,NONE
6_9,46,Medium,5.48,30.00,26.82,21.35,4.40,3.93,1.54,VALID,1.00,SHADOW_SUPPORT_LOST,NONE
6_9,47,Small,1.78,30.00,26.82,25.04,3.15,2.82,1.03,VALID,1.00,RELATIVE_INTENSITY_STEP,NONE
6_9,48,Medium,10.98,30.00,26.82,15.84,5.95,5.32,5.66,VALID,1.00,LOCAL_GRADIENT_STEP,FALSE_SHORT_SHADOW
6_9,49,Small,2.18,29.65,26.51,24.33,4.15,3.71,1.53,VALID,1.00,RELATIVE_INTENSITY_STEP,NONE
6_9,50,Small,2.26,12.70,11.36,9.10,3.95,3.53,1.27,VALID,1.00,LOCAL_GRADIENT_STEP,NONE
6_9,51,Small,3.21,5.80,5.19,1.98,2.65,2.37,0.84,VALID,1.00,SHADOW_SUPPORT_LOST,NONE
6_9,52,Large,17.54,0.80,0.72,16.82,0.65,0.58,16.96,VALID,1.00,RELATIVE_INTENSITY_STEP,FALSE_SHORT_SHADOW
6_9,53,Small,2.02,3.05,2.73,0.70,2.40,2.15,0.12,VALID,1.00,LOCAL_GRADIENT_STEP,NONE
6_9,54,Small,0.73,0.60,0.54,0.19,0.35,N/A,N/A,REJECTED,0.00,RELATIVE_INTENSITY_STEP,NO_VALID_SHADOW
7_10,1,Large,36.44,30.00,26.82,9.61,17.25,15.42,21.01,VALID,1.00,LOCAL_GRADIENT_STEP,FALSE_SHORT_SHADOW
7_10,2,Large,34.03,30.00,26.82,7.20,16.40,14.66,19.36,VALID,1.00,LOCAL_GRADIENT_STEP,FALSE_SHORT_SHADOW
7_10,3,Large,17.73,30.00,26.82,9.09,15.90,14.22,3.52,VALID,1.00,LOCAL_GRADIENT_STEP,NONE
7_10,4,Medium,11.72,30.00,26.82,15.10,8.50,7.60,4.12,VALID,1.00,RELATIVE_INTENSITY_STEP,NONE
7_10,5,Large,13.77,30.00,26.82,13.05,11.85,10.60,3.17,VALID,1.00,LOCAL_GRADIENT_STEP,NONE
7_10,6,Medium,4.09,14.80,13.23,9.14,5.75,5.14,1.05,VALID,1.00,LOCAL_GRADIENT_STEP,NONE
7_10,7,Large,16.24,30.00,26.82,10.58,8.80,7.87,8.37,VALID,1.00,LOCAL_GRADIENT_STEP,FALSE_SHORT_SHADOW
7_10,8,Large,52.51,30.00,26.82,25.69,12.40,11.09,41.42,VALID,1.00,LOCAL_GRADIENT_STEP,FALSE_SHORT_SHADOW
7_10,9,Large,19.29,10.15,9.08,10.22,8.10,7.24,12.05,VALID,0.99,SHADOW_SUPPORT_LOST,FALSE_SHORT_SHADOW
7_10,10,Large,52.18,30.00,26.82,25.36,19.85,17.75,34.43,VALID,1.00,LOCAL_GRADIENT_STEP,FALSE_SHORT_SHADOW
7_10,11,Small,2.42,29.50,26.38,23.96,6.25,5.59,3.17,VALID,1.00,LOCAL_GRADIENT_STEP,NONE
7_10,12,Small,2.63,16.30,14.57,11.94,11.40,10.19,7.56,VALID,1.00,LOCAL_GRADIENT_STEP,FALSE_LONG_SHADOW
7_10,13,Medium,5.03,16.80,15.02,9.99,9.60,8.58,3.56,VALID,1.00,RELATIVE_INTENSITY_STEP,NONE
7_10,14,Large,52.24,26.35,23.56,28.68,8.00,7.15,45.09,VALID,1.00,SHADOW_SUPPORT_LOST,FALSE_SHORT_SHADOW
7_10,15,Small,2.12,30.00,26.82,24.71,9.70,8.67,6.55,VALID,0.99,LOCAL_GRADIENT_STEP,FALSE_LONG_SHADOW
7_10,16,Small,0.00,30.00,26.82,26.82,16.45,14.71,14.71,VALID,1.00,LOCAL_GRADIENT_STEP,FALSE_LONG_SHADOW
7_10,17,Small,0.58,27.05,24.19,23.60,18.85,16.85,16.27,VALID,1.00,LOCAL_GRADIENT_STEP,FALSE_LONG_SHADOW
7_10,18,Large,12.35,27.55,24.63,12.28,19.50,17.44,5.09,VALID,1.00,SHADOW_SUPPORT_LOST,SHADOW_MASK_FRAGMENTATION
7_10,19,Large,52.32,21.30,19.04,33.27,17.50,15.65,36.67,VALID,1.00,SHADOW_SUPPORT_LOST,FALSE_SHORT_SHADOW
7_11,1,Medium,5.11,30.00,26.82,21.72,9.65,8.63,3.52,VALID,1.00,RELATIVE_INTENSITY_STEP,NONE
7_11,2,Medium,11.34,30.00,26.82,15.49,20.45,18.28,6.95,VALID,1.00,LOCAL_GRADIENT_STEP,FALSE_LONG_SHADOW
7_11,3,Large,20.91,30.00,26.82,5.92,30.00,26.82,5.92,LOW CONFIDENCE,0.30,REACHED_PHYSICAL_MAX_LIMIT,DARK_REGION_PENETRATION
7_11,4,Small,3.92,30.00,26.82,22.91,22.80,20.39,16.47,VALID,1.00,LOCAL_GRADIENT_STEP,FALSE_LONG_SHADOW
7_11,5,Small,0.13,19.35,17.30,17.17,2.65,2.37,2.24,VALID,1.00,LOCAL_GRADIENT_STEP,NONE
7_11,6,Small,2.80,20.35,18.19,15.40,2.50,2.24,0.56,VALID,1.00,RELATIVE_INTENSITY_STEP,NONE
7_11,7,Large,15.50,30.00,26.82,11.32,30.00,26.82,11.32,LOW CONFIDENCE,0.30,REACHED_PHYSICAL_MAX_LIMIT,DARK_REGION_PENETRATION
7_11,8,Small,2.72,29.80,26.64,23.92,10.05,8.99,6.26,VALID,1.00,LOCAL_GRADIENT_STEP,FALSE_LONG_SHADOW
7_11,9,Small,2.60,27.30,24.41,21.81,6.55,5.86,3.25,VALID,1.00,LOCAL_GRADIENT_STEP,NONE
7_11,10,Large,20.96,30.00,26.82,5.87,30.00,26.82,5.87,LOW CONFIDENCE,0.30,REACHED_PHYSICAL_MAX_LIMIT,DARK_REGION_PENETRATION
7_11,11,Small,2.05,7.90,7.06,5.02,3.40,3.04,0.99,VALID,1.00,LOCAL_GRADIENT_STEP,NONE
7_11,12,Small,2.54,4.00,3.58,1.04,2.30,2.06,0.48,VALID,1.00,RELATIVE_INTENSITY_STEP,NONE
7_11,13,Large,17.64,30.00,26.82,9.19,9.60,8.58,9.05,VALID,1.00,LOCAL_GRADIENT_STEP,FALSE_SHORT_SHADOW
7_11,14,Small,2.92,22.35,19.98,17.06,14.85,13.28,10.35,VALID,1.00,LOCAL_GRADIENT_STEP,FALSE_LONG_SHADOW
7_11,15,Large,23.48,30.00,26.82,3.34,28.50,25.48,2.00,VALID,1.00,LOCAL_GRADIENT_STEP,NONE
7_11,16,Large,19.18,30.00,26.82,7.64,12.80,11.44,7.74,VALID,1.00,LOCAL_GRADIENT_STEP,FALSE_SHORT_SHADOW
7_11,17,Large,15.76,30.00,26.82,11.06,27.75,24.81,9.05,VALID,1.00,RELATIVE_INTENSITY_STEP,FALSE_LONG_SHADOW
7_11,18,Small,3.42,30.00,26.82,23.40,4.95,4.43,1.01,VALID,1.00,LOCAL_GRADIENT_STEP,NONE
7_11,19,Large,18.05,8.70,7.78,10.27,5.10,4.56,13.49,VALID,1.00,RELATIVE_INTENSITY_STEP,FALSE_SHORT_SHADOW
7_11,20,Large,14.89,7.35,6.57,8.32,4.95,4.43,10.47,VALID,1.00,LOCAL_GRADIENT_STEP,FALSE_SHORT_SHADOW
7_11,21,Large,19.20,30.00,26.82,7.62,20.85,18.64,0.56,VALID,1.00,LOCAL_GRADIENT_STEP,NONE
7_11,22,Large,20.86,30.00,26.82,5.97,30.00,26.82,5.97,LOW CONFIDENCE,0.30,REACHED_PHYSICAL_MAX_LIMIT,DARK_REGION_PENETRATION
7_11,23,Large,15.50,16.85,15.07,0.44,16.50,14.75,0.75,VALID,1.00,SHADOW_SUPPORT_LOST,NONE
7_11,24,Large,13.27,15.85,14.17,0.90,7.85,7.02,6.25,VALID,1.00,SHADOW_SUPPORT_LOST,FALSE_SHORT_SHADOW
7_11,25,Medium,9.46,1.80,1.61,7.85,0.95,0.85,8.61,VALID,1.00,RELATIVE_INTENSITY_STEP,FALSE_SHORT_SHADOW
7_12,1,Large,13.91,15.15,13.55,0.37,1.65,1.48,12.44,VALID,1.00,RELATIVE_INTENSITY_STEP,FALSE_SHORT_SHADOW
7_12,2,Large,14.69,26.20,23.43,8.73,6.15,5.50,9.20,VALID,1.00,LOCAL_GRADIENT_STEP,FALSE_SHORT_SHADOW
7_12,3,Medium,11.48,30.00,26.82,15.35,21.15,18.91,7.43,VALID,1.00,LOCAL_GRADIENT_STEP,FALSE_LONG_SHADOW
7_12,4,Small,3.52,24.90,22.26,18.74,20.15,18.02,14.50,VALID,1.00,LOCAL_GRADIENT_STEP,FALSE_LONG_SHADOW
7_12,5,Large,14.92,30.00,26.82,11.90,8.55,7.64,7.27,VALID,1.00,LOCAL_GRADIENT_STEP,FALSE_SHORT_SHADOW
7_12,6,Large,18.30,18.75,16.76,1.53,5.40,4.83,13.47,VALID,1.00,LOCAL_GRADIENT_STEP,FALSE_SHORT_SHADOW
7_12,7,Large,17.61,30.00,26.82,9.21,14.70,13.14,4.47,VALID,1.00,LOCAL_GRADIENT_STEP,NONE
7_12,8,Large,16.78,30.00,26.82,10.04,13.00,11.62,5.16,VALID,1.00,LOCAL_GRADIENT_STEP,FALSE_SHORT_SHADOW
7_12,9,Large,16.58,30.00,26.82,10.25,30.00,26.82,10.25,LOW CONFIDENCE,0.30,REACHED_PHYSICAL_MAX_LIMIT,DARK_REGION_PENETRATION
7_12,10,Large,13.69,30.00,26.82,13.14,19.05,17.03,3.35,VALID,1.00,LOCAL_GRADIENT_STEP,NONE
7_12,11,Large,14.49,30.00,26.82,12.34,30.00,26.82,12.34,LOW CONFIDENCE,0.30,REACHED_PHYSICAL_MAX_LIMIT,DARK_REGION_PENETRATION
7_12,12,Medium,10.45,30.00,26.82,16.37,11.50,10.28,0.17,VALID,1.00,LOCAL_GRADIENT_STEP,NONE
7_12,13,Small,2.60,30.00,26.82,24.23,9.10,8.14,5.54,VALID,1.00,LOCAL_GRADIENT_STEP,FALSE_LONG_SHADOW
7_12,14,Small,3.44,30.00,26.82,23.38,9.00,8.05,4.60,VALID,1.00,LOCAL_GRADIENT_STEP,NONE
7_12,15,Medium,4.84,30.00,26.82,21.98,8.90,7.96,3.11,VALID,1.00,LOCAL_GRADIENT_STEP,NONE
7_12,16,Large,17.43,16.95,15.16,2.27,15.55,13.90,3.53,VALID,1.00,LOCAL_GRADIENT_STEP,NONE
7_12,17,Small,3.16,30.00,26.82,23.66,3.80,3.40,0.24,VALID,1.00,LOCAL_GRADIENT_STEP,NONE
7_12,18,Medium,7.61,30.00,26.82,19.22,11.55,10.33,2.72,VALID,1.00,LOCAL_GRADIENT_STEP,NONE
7_12,19,Large,17.95,30.00,26.82,8.87,24.10,21.55,3.60,VALID,1.00,LOCAL_GRADIENT_STEP,NONE
7_12,20,Large,17.48,30.00,26.82,9.35,17.05,15.24,2.23,VALID,1.00,LOCAL_GRADIENT_STEP,NONE
7_12,21,Small,2.80,30.00,26.82,24.02,10.70,9.57,6.77,VALID,1.00,LOCAL_GRADIENT_STEP,FALSE_LONG_SHADOW
7_12,22,Medium,4.36,29.65,26.51,22.15,5.65,5.05,0.69,VALID,1.00,LOCAL_GRADIENT_STEP,NONE
7_12,23,Small,2.71,9.75,8.72,6.01,3.50,3.13,0.42,VALID,1.00,LOCAL_GRADIENT_STEP,NONE
7_12,24,Small,2.69,9.30,8.32,5.63,6.05,5.41,2.72,VALID,1.00,LOCAL_GRADIENT_STEP,NONE
7_12,25,Large,19.08,19.00,16.99,2.09,17.85,15.96,3.12,VALID,1.00,LOCAL_GRADIENT_STEP,NONE
7_12,26,Large,12.22,22.25,19.89,7.67,5.45,4.87,7.35,VALID,1.00,LOCAL_GRADIENT_STEP,FALSE_SHORT_SHADOW
7_12,27,Large,14.01,22.80,20.39,6.37,10.80,9.66,4.35,VALID,1.00,SHADOW_SUPPORT_LOST,NONE
7_12,28,Large,14.75,9.10,8.14,6.62,1.95,1.74,13.01,VALID,1.00,LOCAL_GRADIENT_STEP,FALSE_SHORT_SHADOW
7_13,1,Large,20.92,5.05,4.52,16.41,5.10,4.56,16.36,VALID,0.99,SHADOW_SUPPORT_LOST,FALSE_SHORT_SHADOW
7_13,2,Large,18.62,30.00,26.82,8.20,30.00,26.82,8.20,LOW CONFIDENCE,0.30,REACHED_PHYSICAL_MAX_LIMIT,DARK_REGION_PENETRATION
7_13,3,Large,23.90,30.00,26.82,2.92,30.00,26.82,2.92,LOW CONFIDENCE,0.30,REACHED_PHYSICAL_MAX_LIMIT,NONE
7_13,4,Large,20.22,30.00,26.82,6.60,28.90,25.84,5.62,VALID,1.00,LOCAL_GRADIENT_STEP,FALSE_LONG_SHADOW
7_13,5,Small,3.03,30.00,26.82,23.79,6.95,6.21,3.18,VALID,1.00,RELATIVE_INTENSITY_STEP,NONE
7_13,6,Small,1.79,30.00,26.82,25.03,8.60,7.69,5.90,VALID,1.00,RELATIVE_INTENSITY_STEP,FALSE_LONG_SHADOW
7_13,7,Large,16.15,30.00,26.82,10.67,14.10,12.61,3.54,VALID,1.00,LOCAL_GRADIENT_STEP,NONE
7_13,8,Small,3.88,30.00,26.82,22.94,25.85,23.11,19.23,VALID,1.00,LOCAL_GRADIENT_STEP,FALSE_LONG_SHADOW
7_13,9,Medium,4.76,30.00,26.82,22.06,7.50,6.71,1.95,VALID,1.00,LOCAL_GRADIENT_STEP,NONE
7_13,10,Large,59.48,30.00,26.82,32.66,22.85,20.43,39.05,VALID,1.00,LOCAL_GRADIENT_STEP,FALSE_SHORT_SHADOW
7_13,11,Medium,11.27,12.40,11.09,0.18,2.55,2.28,8.99,VALID,1.00,RELATIVE_INTENSITY_STEP,FALSE_SHORT_SHADOW
7_13,12,Large,25.30,24.15,21.59,3.71,4.95,4.43,20.88,VALID,0.98,LOCAL_GRADIENT_STEP,FALSE_SHORT_SHADOW
7_13,13,Large,18.03,30.00,26.82,8.79,17.60,15.74,2.30,VALID,1.00,RELATIVE_INTENSITY_STEP,NONE
7_13,14,Large,21.79,30.00,26.82,5.04,21.65,19.36,2.43,VALID,1.00,LOCAL_GRADIENT_STEP,NONE
7_13,15,Large,16.51,24.75,22.13,5.62,23.55,21.06,4.54,VALID,1.00,LOCAL_GRADIENT_STEP,NONE
7_13,16,Small,1.96,21.65,19.36,17.40,8.75,7.82,5.87,VALID,1.00,RELATIVE_INTENSITY_STEP,FALSE_LONG_SHADOW
7_13,17,Medium,10.72,9.30,8.32,2.41,2.35,2.10,8.62,VALID,1.00,LOCAL_GRADIENT_STEP,FALSE_SHORT_SHADOW
7_13,18,Small,3.78,23.50,21.01,17.23,10.60,9.48,5.70,VALID,1.00,LOCAL_GRADIENT_STEP,FALSE_LONG_SHADOW
7_13,19,Medium,4.53,14.15,12.65,8.12,12.05,10.77,6.24,VALID,0.99,LOCAL_GRADIENT_STEP,FALSE_LONG_SHADOW
7_13,20,Large,19.26,23.20,20.74,1.49,6.05,5.41,13.85,VALID,1.00,RELATIVE_INTENSITY_STEP,FALSE_SHORT_SHADOW
7_13,21,Small,2.11,4.65,4.16,2.05,1.35,1.21,0.90,VALID,1.00,LOCAL_GRADIENT_STEP,NONE
7_13,22,Medium,5.49,14.55,13.01,7.52,3.25,2.91,2.58,VALID,1.00,RELATIVE_INTENSITY_STEP,NONE
7_13,23,Medium,10.93,30.00,26.82,15.89,10.85,9.70,1.23,VALID,1.00,LOCAL_GRADIENT_STEP,NONE
7_7,1,Medium,8.05,2.45,2.19,5.86,2.45,2.19,5.86,VALID,1.00,SHADOW_SUPPORT_LOST,FALSE_SHORT_SHADOW
7_7,2,Small,2.89,5.10,4.56,1.67,3.50,3.13,0.24,VALID,1.00,LOCAL_GRADIENT_STEP,NONE
7_7,3,Medium,6.12,10.40,9.30,3.18,5.40,4.83,1.29,VALID,1.00,SHADOW_SUPPORT_LOST,NONE
7_7,4,Medium,8.78,6.45,5.77,3.01,2.25,2.01,6.77,VALID,1.00,SHADOW_SUPPORT_LOST,FALSE_SHORT_SHADOW
7_7,5,Large,15.76,21.45,19.18,3.42,6.70,5.99,9.77,VALID,1.00,LOCAL_GRADIENT_STEP,FALSE_SHORT_SHADOW
7_7,6,Large,18.23,30.00,26.82,8.60,20.25,18.11,0.12,VALID,1.00,LOCAL_GRADIENT_STEP,NONE
7_7,7,Large,14.70,3.85,3.44,11.26,3.05,2.73,11.97,VALID,1.00,SHADOW_SUPPORT_LOST,FALSE_SHORT_SHADOW
7_7,8,Medium,4.49,30.00,26.82,22.34,8.60,7.69,3.20,VALID,1.00,LOCAL_GRADIENT_STEP,NONE
7_7,9,Medium,6.05,22.05,19.71,13.67,3.20,2.86,3.19,VALID,1.00,LOCAL_GRADIENT_STEP,NONE
7_7,10,Large,15.59,6.20,5.54,10.05,6.15,5.50,10.10,VALID,1.00,SHADOW_SUPPORT_LOST,FALSE_SHORT_SHADOW
7_7,11,Small,3.14,9.55,8.54,5.40,3.40,3.04,0.10,VALID,1.00,RELATIVE_INTENSITY_STEP,NONE
7_7,12,Small,3.21,17.75,15.87,12.66,11.60,10.37,7.16,VALID,1.00,LOCAL_GRADIENT_STEP,FALSE_LONG_SHADOW
7_7,13,Large,13.44,26.80,23.96,10.52,9.75,8.72,4.72,VALID,1.00,LOCAL_GRADIENT_STEP,NONE
7_7,14,Large,16.71,29.30,26.20,9.49,12.80,11.44,5.27,VALID,1.00,RELATIVE_INTENSITY_STEP,FALSE_SHORT_SHADOW
7_7,15,Large,14.77,30.00,26.82,12.05,17.00,15.20,0.43,VALID,1.00,LOCAL_GRADIENT_STEP,NONE
7_7,16,Small,2.06,30.00,26.82,24.76,10.75,9.61,7.55,VALID,1.00,LOCAL_GRADIENT_STEP,FALSE_LONG_SHADOW
7_7,17,Large,18.40,30.00,26.82,8.42,21.75,19.45,1.05,VALID,1.00,LOCAL_GRADIENT_STEP,NONE
7_7,18,Medium,6.33,13.40,11.98,5.65,5.15,4.60,1.73,VALID,1.00,RELATIVE_INTENSITY_STEP,NONE
7_7,19,Small,2.05,24.25,21.68,19.63,3.55,3.17,1.12,VALID,1.00,LOCAL_GRADIENT_STEP,NONE
7_7,20,Large,16.97,30.00,26.82,9.85,15.50,13.86,3.11,VALID,1.00,RELATIVE_INTENSITY_STEP,NONE
7_7,21,Small,1.78,30.00,26.82,25.04,2.15,1.92,0.14,VALID,1.00,LOCAL_GRADIENT_STEP,NONE
7_7,22,Medium,5.77,30.00,26.82,21.05,5.95,5.32,0.45,VALID,1.00,LOCAL_GRADIENT_STEP,NONE
7_7,23,Large,14.69,30.00,26.82,12.14,23.50,21.01,6.32,VALID,1.00,RELATIVE_INTENSITY_STEP,FALSE_LONG_SHADOW
7_7,24,Large,16.60,30.00,26.82,10.22,6.50,5.81,10.79,VALID,1.00,RELATIVE_INTENSITY_STEP,FALSE_SHORT_SHADOW
7_7,25,Small,3.92,30.00,26.82,22.90,12.25,10.95,7.03,VALID,1.00,LOCAL_GRADIENT_STEP,FALSE_LONG_SHADOW
7_7,26,Small,1.77,28.15,25.17,23.40,22.35,19.98,18.21,VALID,1.00,LOCAL_GRADIENT_STEP,FALSE_LONG_SHADOW
7_7,27,Small,2.22,29.35,26.24,24.02,3.95,3.53,1.31,VALID,1.00,LOCAL_GRADIENT_STEP,NONE
7_7,28,Large,17.30,30.00,26.82,9.52,25.00,22.35,5.05,VALID,1.00,LOCAL_GRADIENT_STEP,FALSE_LONG_SHADOW
7_7,29,Small,1.49,12.95,11.58,10.09,1.75,1.56,0.07,VALID,1.00,LOCAL_GRADIENT_STEP,NONE
7_7,30,Large,15.39,30.00,26.82,11.44,18.95,16.94,1.56,VALID,1.00,RELATIVE_INTENSITY_STEP,NONE
7_7,31,Large,20.73,30.00,26.82,6.09,27.85,24.90,4.17,VALID,1.00,LOCAL_GRADIENT_STEP,NONE
7_7,32,Large,21.57,30.00,26.82,5.25,9.70,8.67,12.90,VALID,1.00,RELATIVE_INTENSITY_STEP,FALSE_SHORT_SHADOW
7_7,33,Medium,4.72,16.45,14.71,9.99,13.75,12.29,7.58,VALID,1.00,LOCAL_GRADIENT_STEP,FALSE_LONG_SHADOW
7_7,34,Large,15.76,30.00,26.82,11.06,27.85,24.90,9.14,VALID,1.00,LOCAL_GRADIENT_STEP,FALSE_LONG_SHADOW
7_7,35,Large,16.62,30.00,26.82,10.20,9.35,8.36,8.26,VALID,1.00,LOCAL_GRADIENT_STEP,FALSE_SHORT_SHADOW
7_7,36,Small,3.85,30.00,26.82,22.97,6.00,5.36,1.51,VALID,1.00,LOCAL_GRADIENT_STEP,NONE
7_7,37,Small,2.73,30.00,26.82,24.09,11.55,10.33,7.60,VALID,1.00,LOCAL_GRADIENT_STEP,FALSE_LONG_SHADOW
7_7,38,Large,15.97,30.00,26.82,10.85,10.30,9.21,6.76,VALID,1.00,LOCAL_GRADIENT_STEP,FALSE_SHORT_SHADOW
7_7,39,Small,2.65,20.50,18.33,15.68,8.60,7.69,5.04,VALID,1.00,LOCAL_GRADIENT_STEP,FALSE_LONG_SHADOW
7_7,40,Large,12.95,30.00,26.82,13.87,6.35,5.68,7.27,VALID,1.00,LOCAL_GRADIENT_STEP,FALSE_SHORT_SHADOW
7_7,41,Small,2.00,23.05,20.61,18.61,10.45,9.34,7.34,VALID,1.00,LOCAL_GRADIENT_STEP,FALSE_LONG_SHADOW
7_8,1,Large,19.36,30.00,26.82,7.46,27.70,24.77,5.41,VALID,1.00,RELATIVE_INTENSITY_STEP,FALSE_LONG_SHADOW
7_8,2,Large,18.32,8.30,7.42,10.90,1.25,1.12,17.20,VALID,1.00,RELATIVE_INTENSITY_STEP,FALSE_SHORT_SHADOW
7_8,3,Large,15.76,17.10,15.29,0.47,16.75,14.98,0.79,VALID,1.00,SHADOW_SUPPORT_LOST,NONE
7_8,4,Large,18.50,26.95,24.10,5.59,16.80,15.02,3.48,VALID,1.00,RELATIVE_INTENSITY_STEP,NONE
7_8,5,Small,2.13,14.45,12.92,10.79,4.10,3.67,1.53,VALID,1.00,LOCAL_GRADIENT_STEP,NONE
7_8,6,Medium,6.22,21.25,19.00,12.78,9.30,8.32,2.10,VALID,1.00,RELATIVE_INTENSITY_STEP,NONE
7_8,7,Large,17.41,30.00,26.82,9.42,23.05,20.61,3.20,VALID,1.00,RELATIVE_INTENSITY_STEP,NONE
7_8,8,Large,15.14,28.00,25.03,9.89,22.90,20.47,5.33,VALID,1.00,RELATIVE_INTENSITY_STEP,FALSE_LONG_SHADOW
7_8,9,Small,3.59,12.65,11.31,7.72,11.55,10.33,6.74,VALID,1.00,LOCAL_GRADIENT_STEP,FALSE_LONG_SHADOW
7_8,10,Large,18.18,30.00,26.82,8.64,16.10,14.40,3.78,VALID,1.00,LOCAL_GRADIENT_STEP,NONE
7_8,11,Small,2.53,21.40,19.13,16.60,0.55,0.49,2.04,VALID,1.00,LOCAL_GRADIENT_STEP,NONE
7_8,12,Large,12.79,30.00,26.82,14.03,9.35,8.36,4.43,VALID,1.00,LOCAL_GRADIENT_STEP,NONE
7_8,13,Large,13.73,30.00,26.82,13.10,14.05,12.56,1.17,VALID,1.00,RELATIVE_INTENSITY_STEP,NONE
7_8,14,Small,2.69,30.00,26.82,24.13,29.85,26.69,24.00,VALID,1.00,LOCAL_GRADIENT_STEP,FALSE_LONG_SHADOW
7_8,15,Medium,9.87,30.00,26.82,16.95,11.45,10.24,0.37,VALID,1.00,RELATIVE_INTENSITY_STEP,NONE
7_8,16,Medium,7.50,30.00,26.82,19.32,8.95,8.00,0.50,VALID,1.00,LOCAL_GRADIENT_STEP,NONE
7_8,17,Small,3.00,16.10,14.40,11.40,7.00,6.26,3.26,VALID,1.00,LOCAL_GRADIENT_STEP,NONE
7_8,18,Medium,5.14,15.15,13.55,8.41,7.05,6.30,1.17,VALID,1.00,LOCAL_GRADIENT_STEP,NONE
7_8,19,Small,2.41,9.80,8.76,6.36,4.35,3.89,1.48,VALID,1.00,LOCAL_GRADIENT_STEP,NONE
7_8,20,Large,15.24,30.00,26.82,11.58,15.15,13.55,1.70,VALID,1.00,LOCAL_GRADIENT_STEP,NONE
7_8,21,Small,2.68,30.00,26.82,24.15,4.60,4.11,1.44,VALID,1.00,RELATIVE_INTENSITY_STEP,NONE
7_8,22,Medium,4.40,30.00,26.82,22.43,12.85,11.49,7.09,VALID,1.00,LOCAL_GRADIENT_STEP,FALSE_LONG_SHADOW
7_8,23,Large,14.96,30.00,26.82,11.87,20.30,18.15,3.19,VALID,1.00,LOCAL_GRADIENT_STEP,NONE
7_8,24,Large,14.62,30.00,26.82,12.21,18.75,16.76,2.15,VALID,1.00,LOCAL_GRADIENT_STEP,NONE
7_8,25,Large,16.61,30.00,26.82,10.22,21.00,18.78,2.17,VALID,1.00,RELATIVE_INTENSITY_STEP,NONE
7_8,26,Medium,5.81,30.00,26.82,21.02,10.20,9.12,3.31,VALID,1.00,RELATIVE_INTENSITY_STEP,NONE
7_8,27,Large,13.39,25.60,22.89,9.50,14.85,13.28,0.11,VALID,1.00,LOCAL_GRADIENT_STEP,NONE
7_8,28,Small,2.81,30.00,26.82,24.02,4.55,4.07,1.26,VALID,1.00,LOCAL_GRADIENT_STEP,NONE
7_8,29,Large,12.02,30.00,26.82,14.80,10.45,9.34,2.68,VALID,1.00,LOCAL_GRADIENT_STEP,NONE
7_8,30,Medium,9.76,30.00,26.82,17.06,21.05,18.82,9.06,VALID,1.00,LOCAL_GRADIENT_STEP,FALSE_LONG_SHADOW
7_8,31,Large,13.20,30.00,26.82,13.62,17.35,15.51,2.31,VALID,1.00,LOCAL_GRADIENT_STEP,NONE
7_8,32,Large,12.65,29.65,26.51,13.86,14.10,12.61,0.05,VALID,1.00,LOCAL_GRADIENT_STEP,NONE
7_8,33,Small,3.77,30.00,26.82,23.06,11.65,10.42,6.65,VALID,1.00,LOCAL_GRADIENT_STEP,FALSE_LONG_SHADOW
7_8,34,Small,3.68,30.00,26.82,23.14,11.85,10.60,6.91,VALID,1.00,LOCAL_GRADIENT_STEP,FALSE_LONG_SHADOW
7_8,35,Medium,9.60,30.00,26.82,17.22,17.65,15.78,6.18,VALID,1.00,LOCAL_GRADIENT_STEP,FALSE_LONG_SHADOW
7_8,36,Large,22.80,30.00,26.82,4.02,30.00,26.82,4.02,LOW CONFIDENCE,0.30,REACHED_PHYSICAL_MAX_LIMIT,NONE
7_8,37,Large,13.09,30.00,26.82,13.73,30.00,26.82,13.73,LOW CONFIDENCE,0.30,REACHED_PHYSICAL_MAX_LIMIT,DARK_REGION_PENETRATION
7_8,38,Small,3.49,30.00,26.82,23.33,20.70,18.51,15.02,VALID,1.00,RELATIVE_INTENSITY_STEP,FALSE_LONG_SHADOW
7_8,39,Small,3.74,30.00,26.82,23.08,14.05,12.56,8.82,VALID,1.00,LOCAL_GRADIENT_STEP,FALSE_LONG_SHADOW
7_8,40,Large,14.60,30.00,26.82,12.22,22.00,19.67,5.07,VALID,1.00,RELATIVE_INTENSITY_STEP,FALSE_LONG_SHADOW
7_8,41,Medium,4.83,30.00,26.82,21.99,27.85,24.90,20.07,VALID,1.00,LOCAL_GRADIENT_STEP,FALSE_LONG_SHADOW
7_8,42,Large,15.22,30.00,26.82,11.61,18.15,16.23,1.01,VALID,1.00,LOCAL_GRADIENT_STEP,NONE
7_8,43,Large,14.24,30.00,26.82,12.59,24.55,21.95,7.72,VALID,1.00,LOCAL_GRADIENT_STEP,FALSE_LONG_SHADOW
7_8,44,Medium,5.78,30.00,26.82,21.04,7.35,6.57,0.79,VALID,1.00,LOCAL_GRADIENT_STEP,NONE
7_8,45,Small,2.01,22.30,19.94,17.93,16.60,14.84,12.84,VALID,1.00,LOCAL_GRADIENT_STEP,FALSE_LONG_SHADOW
7_8,46,Medium,7.32,30.00,26.82,19.51,6.80,6.08,1.24,VALID,1.00,LOCAL_GRADIENT_STEP,NONE
7_8,47,Large,12.86,30.00,26.82,13.97,18.00,16.09,3.24,VALID,1.00,LOCAL_GRADIENT_STEP,NONE
7_8,48,Small,2.17,10.75,9.61,7.44,8.00,7.15,4.99,VALID,1.00,LOCAL_GRADIENT_STEP,NONE
7_8,49,Small,2.29,17.85,15.96,13.67,5.10,4.56,2.27,VALID,1.00,LOCAL_GRADIENT_STEP,NONE
7_8,50,Small,2.65,10.85,9.70,7.06,3.05,2.73,0.08,VALID,1.00,LOCAL_GRADIENT_STEP,NONE
7_8,51,Small,3.46,24.65,22.04,18.58,6.45,5.77,2.31,VALID,1.00,RELATIVE_INTENSITY_STEP,NONE
7_8,52,Medium,5.14,30.00,26.82,21.69,6.95,6.21,1.08,VALID,1.00,LOCAL_GRADIENT_STEP,NONE
7_8,53,Small,0.68,30.00,26.82,26.15,7.15,6.39,5.72,VALID,1.00,LOCAL_GRADIENT_STEP,FALSE_LONG_SHADOW
7_8,54,Medium,8.52,27.90,24.95,16.42,5.55,4.96,3.56,VALID,1.00,LOCAL_GRADIENT_STEP,NONE
7_9,1,Medium,4.03,14.95,13.37,9.34,4.75,4.25,0.22,VALID,1.00,RELATIVE_INTENSITY_STEP,NONE
7_9,2,Medium,8.90,30.00,26.82,17.92,10.50,9.39,0.49,VALID,1.00,LOCAL_GRADIENT_STEP,NONE
7_9,3,Large,12.65,14.80,13.23,0.58,8.50,7.60,5.05,VALID,1.00,RELATIVE_INTENSITY_STEP,FALSE_SHORT_SHADOW
7_9,4,Large,17.35,30.00,26.82,9.47,10.50,9.39,7.96,VALID,1.00,LOCAL_GRADIENT_STEP,FALSE_SHORT_SHADOW
7_9,5,Large,17.25,2.30,2.06,15.19,1.95,1.74,15.51,VALID,1.00,SHADOW_SUPPORT_LOST,FALSE_SHORT_SHADOW
7_9,6,Large,18.43,30.00,26.82,8.40,20.05,17.93,0.50,VALID,1.00,LOCAL_GRADIENT_STEP,NONE
7_9,7,Large,19.61,30.00,26.82,7.22,29.10,26.02,6.41,VALID,1.00,RELATIVE_INTENSITY_STEP,FALSE_LONG_SHADOW
7_9,8,Medium,6.47,30.00,26.82,20.35,12.70,11.36,4.88,VALID,1.00,LOCAL_GRADIENT_STEP,NONE
7_9,9,Small,2.83,22.30,19.94,17.10,8.65,7.73,4.90,VALID,1.00,LOCAL_GRADIENT_STEP,NONE
7_9,10,Small,3.06,30.00,26.82,23.76,11.70,10.46,7.40,VALID,1.00,LOCAL_GRADIENT_STEP,FALSE_LONG_SHADOW
7_9,11,Large,16.39,30.00,26.82,10.43,9.50,8.49,7.90,VALID,1.00,LOCAL_GRADIENT_STEP,FALSE_SHORT_SHADOW
7_9,12,Small,3.94,30.00,26.82,22.88,5.25,4.69,0.75,VALID,1.00,LOCAL_GRADIENT_STEP,NONE
7_9,13,Large,34.33,30.00,26.82,7.51,13.15,11.76,22.57,VALID,1.00,SHADOW_SUPPORT_LOST,FALSE_SHORT_SHADOW
7_9,14,Small,2.08,30.00,26.82,24.74,3.15,2.82,0.74,VALID,1.00,LOCAL_GRADIENT_STEP,NONE
7_9,15,Medium,10.96,30.00,26.82,15.86,9.60,8.58,2.38,VALID,1.00,LOCAL_GRADIENT_STEP,NONE
7_9,16,Large,18.72,30.00,26.82,8.11,11.50,10.28,8.44,VALID,1.00,RELATIVE_INTENSITY_STEP,FALSE_SHORT_SHADOW
7_9,17,Large,18.31,30.00,26.82,8.52,30.00,26.82,8.52,LOW CONFIDENCE,0.30,REACHED_PHYSICAL_MAX_LIMIT,DARK_REGION_PENETRATION
7_9,18,Small,2.73,14.30,12.79,10.06,8.90,7.96,5.23,VALID,1.00,RELATIVE_INTENSITY_STEP,FALSE_LONG_SHADOW
7_9,19,Large,16.16,21.55,19.27,3.10,8.65,7.73,8.43,VALID,1.00,LOCAL_GRADIENT_STEP,FALSE_SHORT_SHADOW
7_9,20,Large,35.90,30.00,26.82,9.08,30.00,26.82,9.08,LOW CONFIDENCE,0.30,REACHED_PHYSICAL_MAX_LIMIT,DARK_REGION_PENETRATION
7_9,21,Small,2.71,9.75,8.72,6.00,4.30,3.84,1.13,VALID,1.00,LOCAL_GRADIENT_STEP,NONE
7_9,22,Medium,9.28,30.00,26.82,17.54,6.05,5.41,3.87,VALID,1.00,RELATIVE_INTENSITY_STEP,NONE
7_9,23,Medium,11.48,30.00,26.82,15.34,14.00,12.52,1.04,VALID,1.00,RELATIVE_INTENSITY_STEP,NONE
7_9,24,Medium,4.23,11.85,10.60,6.37,4.25,3.80,0.43,VALID,0.99,LOCAL_GRADIENT_STEP,NONE
7_9,25,Medium,4.29,10.45,9.34,5.06,0.65,0.58,3.70,VALID,1.00,LOCAL_GRADIENT_STEP,NONE
